Timestamp,ID,Lng,Lat,SINR,CQI,Route Distance,Predict SINR,NS3 Distance to Attached BS,Repast Distance to Attached BS
1,1,-103.0109444,48.0154367,30.69734808520205,15,18.0,10.36110123635946,2703.89098,6670.7919921875
2,1,-103.0109444,48.0152748,30.652837716211778,15,36.0,19.64471800127673,2703.89098,2727.354248046875
3,1,-103.0109444,48.0151129,30.608322567288248,15,54.0,19.596288290087628,2703.89098,2740.109375
4,1,-103.0109444,48.014951,30.56380658632982,15,72.0,19.547862570489414,2703.89098,2752.923095703125
5,1,-103.0109444,48.0147892,30.519293606852113,15,90.0,19.499473901642503,2703.89098,2765.786865234375
6,1,-103.0109444,48.0146273,30.47478735392051,15,108.0,19.451067183277033,2703.89098,2778.715576171875
7,1,-103.0109444,48.0144654,30.47478735392051,15,126.0,19.402677297348944,2703.89098,2791.7001953125
8,1,-103.0109444,48.0143035,30.385809433475046,15,144.0,19.35430595797483,2703.89098,2804.740478515625
9,1,-103.0109444,48.0141416,30.34134470385019,15,162.0,19.305957548078297,2703.89098,2817.83544921875
10,1,-103.0109444,48.0141416,30.34134470385019,15,162.0,19.305957548078297,2703.89098,2817.83544921875
11,1,-103.0109444,48.0141416,30.296900591394937,15,162.0,19.305957548078297,2703.89098,2817.83544921875
12,1,-103.0109444,48.0141416,30.296900591394937,15,162.0,19.305957548078297,2703.89098,2817.83544921875
13,1,-103.0109444,48.0141416,30.296900591394937,15,162.0,19.305957548078297,2703.89098,2817.83544921875
14,1,-103.0109444,48.0141416,30.296900591394937,15,162.0,19.305957548078297,2703.89098,2817.83544921875
15,1,-103.0109444,48.0139797,30.296900591394937,15,180.0,19.257635476569348,2703.89098,2830.984375
16,1,-103.0109444,48.0138179,30.252480326457786,15,198.0,19.20937338418993,2703.89098,2844.17822265625
17,1,-103.0109444,48.013656,30.20808703206101,15,216.0,19.16111471821246,2703.89098,2857.4326171875
18,1,-103.0107031,48.013656,30.20808703206101,15,234.0,19.205114507162122,2703.89098,2845.345458984375
19,1,-103.0104618,48.013656,30.204170419822596,15,252.0,19.24907443028839,2703.89098,2833.3203125
20,1,-103.0102206,48.013656,30.204170419822596,15,270.0,19.292971627970317,2703.89098,2821.363037109375
21,1,-103.0099793,48.013656,30.284947767860018,15,288.0,19.33683788252442,2703.89098,2809.464599609375
22,1,-103.009738,48.013656,30.284947767860018,15,306.0,19.38065117727858,2703.89098,2797.630615234375
23,1,-103.0094968,48.013656,30.365544106648848,15,324.0,19.424388220728773,2703.89098,2785.866943359375
24,1,-103.0092555,48.013656,30.365544106648848,15,342.0,19.468081059361154,2703.89098,2774.16455078125
25,1,-103.0090142,48.013656,30.445926509470524,15,360.0,19.511707254157315,2703.89098,2762.529052734375
26,1,-103.008773,48.013656,30.445926509470524,15,378.0,19.555243997122332,2703.89098,2750.966064453125
27,1,-103.0085317,48.013656,30.52606056295108,15,396.0,19.598721760791463,2703.89098,2739.467041015625
28,1,-103.0082904,48.013656,30.566023284607034,15,414.0,19.642116737915742,2703.89098,2728.037841796875
29,1,-103.0080492,48.013656,30.605910319417163,15,432.0,19.68540753178148,2703.89098,2716.68359375
30,1,-103.0078079,48.013656,30.645716936022236,15,450.0,19.72862391995828,2703.89098,2705.39599609375
31,1,-103.0075666,48.013656,30.645716936022236,15,468.0,19.771742580026554,2703.89098,2694.1806640625
32,1,-103.0073254,48.013656,30.725069470281007,15,486.0,19.814740759021234,2703.89098,2683.04296875
33,1,-103.0070841,48.013656,30.76460541880277,15,504.0,19.857647504873526,2703.89098,2671.974853515625
34,1,-103.0068428,48.013656,30.80404100797134,15,522.0,19.900439987968085,2703.89098,2660.981689453125
35,1,-103.0066016,48.013656,30.843370999095722,15,540.0,19.943095017252105,2703.89098,2650.06884765625
36,1,-103.0063603,48.013656,30.843370999095722,15,558.0,19.98564088804396,2703.89098,2639.228515625
37,1,-103.006119,48.013656,30.92169274057216,15,576.0,20.028055284489838,2703.89098,2628.4658203125
38,1,-103.0058777,48.013656,30.960673498734774,15,594.0,20.070330064187416,2703.89098,2617.7822265625
39,1,-103.0056365,48.013656,30.960673498734774,15,612.0,20.112444337855592,2703.89098,2607.182373046875
40,1,-103.0053952,48.013656,31.03824655155254,15,630.0,20.154424719432157,2703.89098,2596.658935546875
41,1,-103.0051539,48.013656,31.03824655155254,15,648.0,20.19624732696532,2703.89098,2586.21728515625
42,1,-103.0049127,48.013656,31.11526278199706,15,666.0,20.237888899160808,2703.89098,2575.862548828125
43,1,-103.0046714,48.013656,31.11526278199706,15,684.0,20.279377189149002,2703.89098,2565.587158203125
44,1,-103.0044301,48.013656,31.19167409595351,15,702.0,20.320686872746123,2703.89098,2555.396728515625
45,1,-103.0041889,48.013656,31.22963742326684,15,720.0,20.361796230087847,2703.89098,2545.2958984375
46,1,-103.0039476,48.013656,31.22963742326684,15,738.0,20.402730204957138,2703.89098,2535.27783203125
47,1,-103.0037063,48.013656,31.305047558155135,15,756.0,20.44346600042512,2703.89098,2525.347412109375
48,1,-103.0034651,48.013656,31.305047558155135,15,774.0,20.483979483141113,2703.89098,2515.509765625
49,1,-103.0032238,48.013656,31.379725303663754,15,792.0,20.524295730401107,2703.89098,2505.758056640625
50,1,-103.0029825,48.013656,31.416772768980508,15,810.0,20.564391514265296,2703.89098,2496.09716796875
51,1,-103.0027413,48.013656,31.453616823118157,15,828.0,20.60424124240619,2703.89098,2486.532470703125
52,1,-103.0025,48.013656,31.49025048705445,15,846.0,20.64387216444875,2703.89098,2477.056640625
53,1,-103.0022587,48.013656,31.49025048705445,15,864.0,20.683259613429115,2703.89098,2467.6748046875
54,1,-103.0020174,48.013656,31.562858248549745,15,882.0,20.722394046679753,2703.89098,2458.388427734375
55,1,-103.0017762,48.013656,31.59881791177902,15,900.0,20.76125340280386,2703.89098,2449.201904296875
56,1,-103.0015349,48.013656,31.63453831981595,15,918.0,20.799859990068867,2703.89098,2440.109130859375
57,1,-103.0012936,48.013656,31.63453831981595,15,936.0,20.83819063033961,2703.89098,2431.11474609375
58,1,-103.0010524,48.013656,31.705231485809055,15,954.0,20.876221846421586,2703.89098,2422.223388671875
59,1,-103.0008111,48.013656,31.705231485809055,15,972.0,20.91397501542356,2703.89098,2413.42919921875
60,1,-103.0005698,48.013656,31.774877127895245,15,990.0,20.951426562574298,2703.89098,2404.73681640625
61,1,-103.0003286,48.013656,31.809287818324844,15,1008.0,20.988553678828524,2703.89098,2396.150634765625
62,1,-103.0000873,48.013656,31.843413298540778,15,1026.0,21.025376797021707,2703.89098,2387.6650390625
63,1,-102.999846,48.013656,31.843413298540778,15,1044.0,21.061873027423403,2703.89098,2379.284423828125
64,1,-102.9996048,48.013656,31.910776793847386,15,1062.0,21.098018143271602,2703.89098,2371.013427734375
65,1,-102.9993635,48.013656,31.943998725806374,15,1080.0,21.13383375608568,2703.89098,2362.84619140625
66,1,-102.9991222,48.013656,31.943998725806374,15,1098.0,21.169294485746818,2703.89098,2354.78759765625
67,1,-102.998881,48.013656,32.00948224685121,15,1116.0,21.204377903967114,2703.89098,2346.841796875
68,1,-102.9986397,48.013656,32.00948224685121,15,1134.0,21.239104680874263,2703.89098,2339.003173828125
69,1,-102.9983984,48.013656,32.07363034106035,15,1152.0,21.273449088276735,2703.89098,2331.276611328125
70,1,-102.9981572,48.013656,32.10518279309654,15,1170.0,21.30738948495788,2703.89098,2323.666015625
71,1,-102.9979159,48.013656,32.13637632555519,15,1188.0,21.340945593523273,2703.89098,2316.166015625
72,1,-102.9976746,48.013656,32.16720249319441,15,1206.0,21.37409136464906,2703.89098,2308.781494140625
73,1,-102.9974333,48.013656,32.197652821379705,15,1224.0,21.406820306754597,2703.89098,2301.512939453125
74,1,-102.9971921,48.013656,32.22771880467955,15,1242.0,21.43910825050328,2703.89098,2294.36474609375
75,1,-102.9969508,48.013656,32.22771880467955,15,1260.0,21.470972904991996,2703.89098,2287.33203125
76,1,-102.9967095,48.013656,32.28666361136809,15,1278.0,21.5023911611364,2703.89098,2280.4189453125
77,1,-102.9964683,48.013656,32.28666361136809,15,1296.0,21.5333419393978,2703.89098,2273.629150390625
78,1,-102.996227,48.013656,32.343968520908696,15,1314.0,21.563840883865865,2703.89098,2266.958251953125
79,1,-102.9959857,48.013656,32.3719846147226,15,1332.0,21.593865792387575,2703.89098,2260.41015625
80,1,-102.9957445,48.013656,32.39956506479567,15,1350.0,21.623395417084893,2703.89098,2253.988525390625
81,1,-102.9955032,48.013656,32.42670133066371,15,1368.0,21.652445566323465,2703.89098,2247.68896484375
82,1,-102.9952619,48.013656,32.42670133066371,15,1386.0,21.68099274997833,2703.89098,2241.515625
83,1,-102.9950207,48.013656,32.47960727338472,15,1404.0,21.709017847655517,2703.89098,2235.4716796875
84,1,-102.9947794,48.013656,32.47960727338472,15,1422.0,21.73653459370736,2703.89098,2229.55322265625
85,1,-102.9945381,48.013656,32.530634691786815,15,1440.0,21.763521641726115,2703.89098,2223.763916015625
86,1,-102.9942969,48.013656,32.55542295979411,15,1458.0,21.789958666478512,2703.89098,2218.107177734375
87,1,-102.9940556,48.013656,32.5797165088726,15,1476.0,21.81586074735911,2703.89098,2212.578857421875
88,1,-102.9938143,48.013656,32.5797165088726,15,1494.0,21.841206481051373,2703.89098,2207.1826171875
89,1,-102.993573,48.013656,32.62678658311947,15,1512.0,21.86598587116221,2703.89098,2201.919677734375
90,1,-102.9933318,48.013656,32.62678658311947,15,1530.0,21.89018316999058,2703.89098,2196.79248046875
91,1,-102.9930905,48.013656,32.671779932317946,15,1548.0,21.91380687832627,2703.89098,2191.79833984375
92,1,-102.9928492,48.013656,32.693477914894764,15,1566.0,21.936840197545948,2703.89098,2186.93994140625
93,1,-102.992608,48.013656,32.71463301379701,15,1584.0,21.959265135536597,2703.89098,2182.22021484375
94,1,-102.9923667,48.013656,32.73523755091496,15,1602.0,21.981091595686436,2703.89098,2177.63623046875
95,1,-102.9921254,48.013656,32.73523755091496,15,1620.0,22.002302867122282,2703.89098,2173.190673828125
96,1,-102.9918842,48.013656,32.77476484630574,15,1638.0,22.02288105741333,2703.89098,2168.886474609375
97,1,-102.9916429,48.013656,32.77476484630574,15,1656.0,22.04283752719131,2703.89098,2164.720458984375
98,1,-102.9914016,48.013656,32.81200097043965,15,1674.0,22.06215453239649,2703.89098,2160.695556640625
99,1,-102.9911604,48.0136559,32.829742094425136,15,1692.0,22.08076615502422,2703.89098,2156.82470703125
100,1,-102.9909191,48.0136559,32.84688944293593,15,1710.0,22.098782694912572,2703.89098,2153.084228515625
101,1,-102.9906778,48.0136559,32.8634363665719,15,1728.0,22.116139686425797,2703.89098,2149.48681640625
102,1,-102.9904366,48.0136559,32.87937639253113,15,1746.0,22.132820774901447,2703.89098,2146.03515625
103,1,-102.9901953,48.0136559,32.89470324009278,15,1764.0,22.148835659787906,2703.89098,2142.7265625
104,1,-102.989954,48.0136559,32.89470324009278,15,1782.0,22.16417055256808,2703.89098,2139.563232421875
105,1,-102.9897128,48.0136559,32.923493247544094,15,1800.0,22.178811724623486,2703.89098,2136.54736328125
106,1,-102.9894715,48.0136559,32.936944843103845,15,1818.0,22.19276570633089,2703.89098,2133.677001953125
107,1,-102.9892302,48.0136559,32.94976015409708,15,1836.0,22.20602137114672,2703.89098,2130.953857421875
108,1,-102.9889889,48.0136559,32.96193394246514,15,1854.0,22.218573635702015,2703.89098,2128.37841796875
109,1,-102.9887477,48.0136559,32.97346120798758,15,1872.0,22.23041158130117,2703.89098,2125.952392578125
110,1,-102.9885064,48.0136559,32.98433718725755,15,1890.0,22.241541097187238,2703.89098,2123.674072265625
111,1,-102.9882651,48.0136559,32.98433718725755,15,1908.0,22.251951526930995,2703.89098,2121.545166015625
112,1,-102.9880239,48.0136559,33.0041174541783,15,1926.0,22.26163471535044,2703.89098,2119.56689453125
113,1,-102.9877826,48.0136559,33.01301346229425,15,1944.0,22.270594598904992,2703.89098,2117.738037109375
114,1,-102.9875413,48.0136559,33.01301346229425,15,1962.0,22.278823307679247,2703.89098,2116.059814453125
115,1,-102.9873001,48.0136559,33.02879847251234,15,1980.0,22.28631430185142,2703.89098,2114.533203125
116,1,-102.9870588,48.0136559,33.02879847251234,15,1998.0,22.293070775400608,2703.89098,2113.1572265625
117,1,-102.9868175,48.0136559,33.04188561656833,15,2016.0,22.299087690057505,2703.89098,2111.9326171875
118,1,-102.9865763,48.0136559,33.04188561656833,15,2034.0,22.304357754083853,2703.89098,2110.860595703125
119,1,-102.986335,48.0136559,33.052252537340685,15,2052.0,22.30888583282173,2703.89098,2109.93994140625
120,1,-102.9860937,48.0136559,33.052252537340685,15,2070.0,22.312666147890425,2703.89098,2109.171630859375
121,1,-102.9858525,48.0136559,33.05988142470714,15,2088.0,22.315695477726294,2703.89098,2108.55615234375
122,1,-102.9856112,48.0136559,33.06266480913765,15,2106.0,22.31797677050743,2703.89098,2108.0927734375
123,1,-102.9853699,48.0136559,33.06266480913765,15,2124.0,22.319505925990867,2703.89098,2107.7822265625
124,1,-102.9851286,48.0136559,33.066163434891166,15,2142.0,22.320283814006288,2703.89098,2107.624267578125
125,1,-102.9848874,48.0136559,33.06687716410616,15,2160.0,22.3203078609326,2703.89098,2107.619384765625
126,1,-102.9846461,48.0136559,33.06689998876425,15,2178.0,22.319580466057218,2703.89098,2107.76708984375
127,1,-102.9844048,48.0136559,33.06689998876425,15,2196.0,22.318101787342343,2703.89098,2108.0673828125
128,1,-102.9841636,48.0136559,33.06487318712658,15,2214.0,22.315870943986468,2703.89098,2108.5205078125
129,1,-102.9839223,48.0136559,33.06487318712658,15,2232.0,22.312890823873076,2703.89098,2109.1259765625
130,1,-102.983681,48.0136559,33.06008654876719,15,2250.0,22.3091596702116,2703.89098,2109.88427734375
131,1,-102.9834398,48.0136559,33.06008654876719,15,2268.0,22.304683095092386,2703.89098,2110.79443359375
132,1,-102.9831985,48.0136559,33.052548356952045,15,2286.0,22.299459663284452,2703.89098,2111.85693359375
133,1,-102.9829572,48.0136559,33.04775131120018,15,2304.0,22.293492901249962,2703.89098,2113.0712890625
134,1,-102.982716,48.0136559,33.04227162290332,15,2322.0,22.286788885608033,2703.89098,2114.4365234375
135,1,-102.9824747,48.0136559,33.04227162290332,15,2340.0,22.27934305819325,2703.89098,2115.953857421875
136,1,-102.9822334,48.0136559,33.02927400367676,15,2358.0,22.271163000814155,2703.89098,2117.6220703125
137,1,-102.9819922,48.0136559,33.02176162810157,15,2376.0,22.262255234910626,2703.89098,2119.440185546875
138,1,-102.9817509,48.0136559,33.013577707902314,15,2394.0,22.25261566544775,2703.89098,2121.409423828125
139,1,-102.9815096,48.0136559,33.00472570941374,15,2412.0,22.242253496733653,2703.89098,2123.5283203125
140,1,-102.9812684,48.0136559,33.00472570941374,15,2430.0,22.231176860250585,2703.89098,2125.795654296875
141,1,-102.9810271,48.0136559,32.98503267403374,15,2448.0,22.219380907907876,2703.89098,2128.212890625
142,1,-102.9807858,48.0136559,32.974199885596924,15,2466.0,22.206876428009323,2703.89098,2130.7783203125
143,1,-102.9805445,48.0136559,32.962715503315835,15,2484.0,22.19366599467638,2703.89098,2133.491943359375
144,1,-102.9803033,48.0136559,32.950584276191094,15,2502.0,22.17976418125626,2703.89098,2136.351318359375
145,1,-102.980062,48.0136559,32.950584276191094,15,2520.0,22.165163124344033,2703.89098,2139.358642578125
146,1,-102.9798207,48.0136559,32.924401463902974,15,2538.0,22.14987407669564,2703.89098,2142.51220703125
147,1,-102.9795795,48.0136559,32.91036054067502,15,2556.0,22.133910733333053,2703.89098,2145.809814453125
148,1,-102.9793382,48.0136559,32.91036054067502,15,2574.0,22.117266803296687,2703.89098,2149.25341796875
149,1,-102.9790969,48.0136559,32.88040796286498,15,2592.0,22.099953834943435,2703.89098,2152.84130859375
150,1,-102.9788557,48.0136559,32.86450825453944,15,2610.0,22.081988141271026,2703.89098,2156.57080078125
151,1,-102.9786144,48.0136559,32.86450825453944,15,2628.0,22.06336142689834,2703.89098,2160.4443359375
152,1,-102.9783731,48.0136559,32.83089334505086,15,2646.0,22.04408666684263,2703.89098,2164.4599609375
153,1,-102.9781319,48.0136559,32.813191240250376,15,2664.0,22.02418154980218,2703.89098,2168.61474609375
154,1,-102.9778906,48.0136559,32.813191240250376,15,2682.0,22.003635770126365,2703.89098,2172.91162109375
155,1,-102.9776493,48.0136559,32.77603177683429,15,2700.0,21.982466003392076,2703.89098,2177.347900390625
156,1,-102.9774081,48.0136559,32.75658852201141,15,2718.0,21.96068891900451,2703.89098,2181.9208984375
157,1,-102.9771668,48.0136559,32.75658852201141,15,2736.0,21.938295675046206,2703.89098,2186.63330078125
158,1,-102.9769255,48.0136559,32.71601134520952,15,2754.0,21.915301913712042,2703.89098,2191.482666015625
159,1,-102.9766842,48.0136559,32.69489238330466,15,2772.0,21.891716339897002,2703.89098,2196.468017578125
160,1,-102.976443,48.0136559,32.69489238330466,15,2790.0,21.867559209846135,2703.89098,2201.5859375
161,1,-102.9762017,48.0136559,32.65103205856671,15,2808.0,21.842816257938736,2703.89098,2206.84033203125
162,1,-102.9759604,48.0136559,32.628306369896684,15,2826.0,21.817508981028666,2703.89098,2212.2275390625
163,1,-102.9757192,48.0136559,32.60506094800223,15,2844.0,21.79165535329686,2703.89098,2217.74462890625
164,1,-102.9754779,48.0136559,32.5813038681833,15,2862.0,21.765242505663494,2703.89098,2223.395263671875
165,1,-102.9752366,48.0136559,32.5813038681833,15,2880.0,21.73829077620134,2703.89098,2229.176025390625
166,1,-102.9749954,48.0136559,32.53228745194226,15,2898.0,21.710821533949243,2703.89098,2235.083251953125
167,1,-102.9747541,48.0136559,32.50704464971286,15,2916.0,21.6828187098114,2703.89098,2241.121337890625
168,1,-102.9745128,48.0136559,32.50704464971286,15,2934.0,21.65430597739443,2703.89098,2247.2861328125
169,1,-102.9742716,48.0136559,32.45513162810874,15,2952.0,21.625301229430605,2703.89098,2253.57470703125
170,1,-102.9740303,48.0136559,32.428478269983636,15,2970.0,21.595793100771616,2703.89098,2259.990478515625
171,1,-102.973789,48.0136559,32.428478269983636,15,2988.0,21.565799520254657,2703.89098,2266.530517578125
172,1,-102.9735478,48.0136559,32.37382028096232,15,3006.0,21.535344993210245,2703.89098,2273.1904296875
173,1,-102.9733065,48.0136559,32.34583270507628,15,3024.0,21.504412702415678,2703.89098,2279.974853515625
174,1,-102.9730652,48.0136559,32.31741746864419,15,3042.0,21.473023795033086,2703.89098,2286.880126953125
175,1,-102.972824,48.0136559,32.288583132452416,15,3060.0,21.441201460537442,2703.89098,2293.902099609375
176,1,-102.9725827,48.0136559,32.259338258900485,15,3078.0,21.408929040445273,2703.89098,2301.04541015625
177,1,-102.9723414,48.0136559,32.2296914063756,15,3096.0,21.376229686717622,2703.89098,2308.305908203125
178,1,-102.9721001,48.0136559,32.2296914063756,15,3114.0,21.343111021156133,2703.89098,2315.682861328125
179,1,-102.9718589,48.0136559,32.16922591551861,15,3132.0,21.309595917222552,2703.89098,2323.172119140625
180,1,-102.9716176,48.0136559,32.13842431564467,15,3150.0,21.27566788686015,2703.89098,2330.7783203125
181,1,-102.9713763,48.0136559,32.13842431564467,15,3168.0,21.241348658365737,2703.89098,2338.49755859375
182,1,-102.9711351,48.0136559,32.07572579286133,15,3186.0,21.20666298664169,2703.89098,2346.3251953125
183,1,-102.9708938,48.0136559,32.04384572226347,15,3204.0,21.17158907908309,2703.89098,2354.26708984375
184,1,-102.9706525,48.0136559,32.01162294630886,15,3222.0,21.136152704107516,2703.89098,2362.318359375
185,1,-102.9704113,48.0136559,31.97906577747534,15,3240.0,21.10037613940382,2703.89098,2370.474853515625
186,1,-102.97017,48.0136559,31.94618248212159,15,3258.0,21.064238805231824,2703.89098,2378.7421875
187,1,-102.9699287,48.0136559,31.94618248212159,15,3276.0,21.02776505559048,2703.89098,2387.11572265625
188,1,-102.9696875,48.0136559,31.87947027915232,15,3294.0,20.99097790690091,2703.89098,2395.591064453125
189,1,-102.9694462,48.0136559,31.845657598890607,15,3312.0,20.95385794442801,2703.89098,2404.173583984375
190,1,-102.9692049,48.0136559,31.81155124081247,15,3330.0,20.916425995764982,2703.89098,2412.859375
191,1,-102.9689637,48.0136559,31.777159150762166,15,3348.0,20.87870787728083,2703.89098,2421.643310546875
192,1,-102.9687224,48.0136559,31.74248919390657,15,3366.0,20.840681121804707,2703.89098,2430.531494140625
193,1,-102.9684811,48.0136559,31.707549161373368,15,3384.0,20.802369347001914,2703.89098,2439.519287109375
194,1,-102.9682398,48.0136559,31.707549161373368,15,3402.0,20.76378138510124,2703.89098,2448.60546875
195,1,-102.9679986,48.0136559,31.636889619991297,15,3420.0,20.724939388423607,2703.89098,2457.78564453125
196,1,-102.9677573,48.0136559,31.601185282492267,15,3438.0,20.68582208168702,2703.89098,2467.065673828125
197,1,-102.967516,48.0136559,31.56524119923793,15,3456.0,20.646451531412666,2703.89098,2476.441162109375
198,1,-102.9672748,48.0136559,31.529064729740135,15,3474.0,20.60685359254613,2703.89098,2485.90673828125
199,1,-102.9670335,48.0136559,31.529064729740135,15,3492.0,20.56700299227576,2703.89098,2495.46923828125
200,1,-102.9667922,48.0136559,31.456043632805844,15,3510.0,20.526922427710232,2703.89098,2505.1240234375
201,1,-102.966551,48.0136559,31.41921326362597,15,3528.0,20.48663730977843,2703.89098,2514.86572265625
202,1,-102.9663097,48.0136559,31.41921326362597,15,3546.0,20.44612150176509,2703.89098,2524.701416015625
203,1,-102.9660684,48.0136559,31.34494779815391,15,3564.0,20.405400298347715,2703.89098,2534.625732421875
204,1,-102.9658272,48.0136559,31.34494779815391,15,3582.0,20.364495647072502,2703.89098,2544.634033203125
205,1,-102.9655859,48.0136559,31.269921449439686,15,3600.0,20.32338256168218,2703.89098,2554.733154296875
206,1,-102.9653446,48.0136559,31.232139595200206,15,3618.0,20.282084893058467,2703.89098,2564.91796875
207,1,-102.9651034,48.0136559,31.194187300662325,15,3636.0,20.240625161991588,2703.89098,2575.18359375
208,1,-102.9648621,48.0136559,31.156070945453468,15,3654.0,20.198978513480498,2703.89098,2585.536865234375
209,1,-102.9646208,48.0136559,31.117796809306455,15,3672.0,20.157166397447483,2703.89098,2595.97314453125
210,1,-102.9643796,48.0136559,31.117796809306455,15,3690.0,20.115213837031845,2703.89098,2606.48681640625
211,1,-102.9641383,48.0136559,31.040799784132098,15,3708.0,20.073093189128556,2703.89098,2617.08544921875
212,1,-102.963897,48.0136559,31.040799784132098,15,3726.0,20.03082742840418,2703.89098,2627.763916015625
213,1,-102.9636557,48.0136559,30.963244375161622,15,3744.0,19.988422854975923,2703.89098,2638.521240234375
214,1,-102.9634145,48.0136559,30.924271870044386,15,3762.0,19.945902906021175,2703.89098,2649.35205078125
215,1,-102.9631732,48.0136559,30.924271870044386,15,3780.0,19.903239217583078,2703.89098,2660.26416015625
216,1,-102.9629319,48.0136559,30.84596553115525,15,3798.0,19.860454189260608,2703.89098,2671.25244140625
217,1,-102.9626907,48.0136559,30.806642703409523,15,3816.0,19.817572708551793,2703.89098,2682.31103515625
218,1,-102.9624494,48.0136559,30.767213925487855,15,3834.0,19.77456470240766,2703.89098,2693.4482421875
219,1,-102.9622081,48.0136559,30.72768444793992,15,3852.0,19.7314530802267,2703.89098,2704.65869140625
220,1,-102.9619669,48.0136559,30.72768444793992,15,3870.0,19.68826132421829,2703.89098,2715.936767578125
221,1,-102.9617256,48.0136559,30.648343855945427,15,3888.0,19.644958651080557,2703.89098,2727.291015625
222,1,-102.9614843,48.0136559,30.608542722400163,15,3906.0,19.601568470837876,2703.89098,2738.7158203125
223,1,-102.9612431,48.0136559,30.608542722400163,15,3924.0,19.558114741588255,2703.89098,2750.205322265625
224,1,-102.9610018,48.0136559,30.528702985289286,15,3942.0,19.514565981027957,2703.89098,2761.768310546875
225,1,-102.9607605,48.0136559,30.528702985289286,15,3960.0,19.470944241237632,2703.89098,2773.3994140625
226,1,-102.9605193,48.0136559,30.448577740457758,15,3978.0,19.427273949053685,2703.89098,2785.092529296875
227,1,-102.960278,48.0136559,30.40841936532759,15,3996.0,19.38352295771277,2703.89098,2796.856689453125
228,1,-102.9600367,48.0136559,30.368202984086942,15,4014.0,19.339713805015307,2703.89098,2808.686279296875
229,1,-102.9597954,48.0136559,30.32793286779336,15,4032.0,19.295850693540203,2703.89098,2820.58056640625
230,1,-102.9595542,48.0136559,30.28761317812769,15,4050.0,19.251957447315945,2703.89098,2832.533447265625
231,1,-102.9593129,48.0136559,30.247247995943177,15,4068.0,19.20800048270705,2703.89098,2844.554443359375
232,1,-102.9590716,48.0136559,30.206841297710582,15,4086.0,19.164003564670438,2703.89098,2856.637451171875
233,1,-102.9588304,48.0136559,30.16639698089593,15,4104.0,19.11998918356123,2703.89098,2868.776611328125
234,1,-102.9585891,48.0136559,30.125918857144583,15,4122.0,19.07592316277136,2703.89098,2880.981689453125
235,1,-102.9583478,48.0136559,30.085410636669963,15,4140.0,19.03182971746243,2703.89098,2893.246337890625
236,1,-102.9581066,48.0136559,30.044875950565398,15,4158.0,18.98772917288342,2703.89098,2905.565185546875
237,1,-102.9578653,48.0136559,30.044875950565398,15,4176.0,18.943590277292472,2703.89098,2917.947265625
238,1,-102.957624,48.0136559,29.96374130065678,15,4194.0,18.89943419947936,2703.89098,2930.386962890625
239,1,-102.9573828,48.0136559,29.92314817368718,15,4212.0,18.85528261756984,2703.89098,2942.87841796875
240,1,-102.9571415,48.0136559,29.92314817368718,15,4230.0,18.811103685744584,2703.89098,2955.430908203125
241,1,-102.9569002,48.0136559,29.84192681846302,15,4248.0,18.76691732970211,2703.89098,2968.0390625
242,1,-102.956659,48.0136559,29.80130494391726,15,4266.0,18.722746543646494,2703.89098,2980.696533203125
243,1,-102.9564177,48.0136559,29.760679711844293,15,4284.0,18.678557216043927,2703.89098,2993.413330078125
244,1,-102.9561764,48.0136559,29.72005410836183,15,4302.0,18.63437060903003,2703.89098,3006.18359375
245,1,-102.9559352,48.0136559,29.679431045455203,15,4320.0,18.59020930763198,2703.89098,3019.0009765625
246,1,-102.9556939,48.0136559,29.638813355139764,15,4338.0,18.546038680871916,2703.89098,3031.875732421875
247,1,-102.9554526,48.0136559,29.598203807241,15,4356.0,18.501880448539268,2703.89098,3044.8017578125
248,1,-102.9552113,48.0136559,29.598203807241,15,4374.0,18.457736905068387,2703.89098,3057.778564453125
249,1,-102.9549701,48.0136559,29.51701982758256,15,4392.0,18.41363011334316,2703.89098,3070.7998046875
250,1,-102.9547288,48.0136559,29.476450571708753,15,4410.0,18.369525065062348,2703.89098,3083.8759765625
251,1,-102.9544875,48.0136559,29.435899809492728,15,4428.0,18.325442985418263,2703.89098,3097.0009765625
252,1,-102.9542463,48.0136559,29.435899809492728,15,4446.0,18.28140474306396,2703.89098,3110.168701171875
253,1,-102.954005,48.0136559,29.3548633807003,15,4464.0,18.2373764954625,2703.89098,3123.389404296875
254,1,-102.9537637,48.0136559,29.3143823596454,15,4482.0,18.193379100771622,2703.89098,3136.656982421875
255,1,-102.9535225,48.0136559,29.3143823596454,15,4500.0,18.149433066693334,2703.89098,3149.96533203125
256,1,-102.9532812,48.0136559,29.730130026373402,15,4518.0,18.7336973748141,2991.945195,2977.553466796875
257,1,-102.9530399,48.0136559,29.730130026373402,15,4536.0,18.777886681424675,2991.945195,2964.904052734375
258,1,-102.9527987,48.0136559,29.811380220009905,15,4554.0,18.82205290785403,2991.945195,2952.31494140625
259,1,-102.9525574,48.0136559,29.852000654638378,15,4572.0,18.866230294807522,2991.945195,2939.776123046875
260,1,-102.9523161,48.0136559,29.89261389549963,15,4590.0,18.910396538353424,2991.945195,2927.293701171875
261,1,-102.9520749,48.0136559,29.93321678488917,15,4608.0,18.954530695113263,2991.945195,2914.873291015625
262,1,-102.9518336,48.0136559,29.973806087665984,15,4626.0,18.99866472675855,2991.945195,2902.505615234375
263,1,-102.9515923,48.0136559,30.014378488594794,15,4644.0,19.042777662502672,2991.945195,2890.1962890625
264,1,-102.951351,48.0136559,30.054930577087447,15,4662.0,19.086864907704282,2991.945195,2877.9462890625
265,1,-102.9511098,48.0136559,30.09545887539717,15,4680.0,19.130904994339645,2991.945195,2865.76123046875
266,1,-102.9508685,48.0136559,30.09545887539717,15,4698.0,19.17492937721623,2991.945195,2853.632080078125
267,1,-102.9506272,48.0136559,30.176429751124164,15,4716.0,19.218916546909426,2991.945195,2841.564453125
268,1,-102.950386,48.0136559,30.216864933113897,15,4734.0,19.26284373841871,2991.945195,2829.564208984375
269,1,-102.9501447,48.0136559,30.216864933113897,15,4752.0,19.306743569735673,2991.945195,2817.6220703125
270,1,-102.9499034,48.0136559,30.29761564791456,15,4770.0,19.350594128060337,2991.945195,2805.74365234375
271,1,-102.9496622,48.0136559,30.337923255170395,15,4788.0,19.39437132236678,2991.945195,2793.93505859375
272,1,-102.9494209,48.0136559,30.37818026336113,15,4806.0,19.438107135390553,2991.945195,2782.187255859375
273,1,-102.9491796,48.0136559,30.418382483539823,15,4824.0,19.48177922191472,2991.945195,2770.505859375
274,1,-102.9489384,48.0136559,30.458525627201112,15,4842.0,19.52536578706831,2991.945195,2758.896240234375
275,1,-102.9486971,48.0136559,30.458525627201112,15,4860.0,19.568895411607073,2991.945195,2747.350341796875
276,1,-102.9484558,48.0136559,30.53861708991846,15,4878.0,19.612348079279386,2991.945195,2735.873046875
277,1,-102.9482146,48.0136559,30.57855635890933,15,4896.0,19.65569879808369,2991.945195,2724.470458984375
278,1,-102.9479733,48.0136559,30.61841846283938,15,4914.0,19.698978211952422,2991.945195,2713.134033203125
279,1,-102.947732,48.0136559,30.658198632072615,15,4932.0,19.742164032279007,2991.945195,2701.869140625
280,1,-102.9474908,48.0136559,30.6978920083476,15,4950.0,19.785232669778694,2991.945195,2690.681396484375
281,1,-102.9472495,48.0136559,30.6978920083476,15,4968.0,19.82821501034347,2991.945195,2679.562255859375
282,1,-102.9470082,48.0136559,30.776998406888545,15,4986.0,19.87108644253688,2991.945195,2668.517578125
283,1,-102.9467669,48.0136559,30.816401194531267,15,5004.0,19.91384103345628,2991.945195,2657.54833984375
284,1,-102.9465257,48.0136559,30.85569672081896,15,5022.0,19.95645649357313,2991.945195,2646.65966796875
285,1,-102.9462844,48.0136559,30.894879605651873,15,5040.0,19.998961140488845,2991.945195,2635.84375
286,1,-102.9460431,48.0136559,30.933944382828397,15,5058.0,20.041332615391397,2991.945195,2625.105712890625
287,1,-102.9458019,48.0136559,30.972885472227865,15,5076.0,20.083545304616777,2991.945195,2614.451416015625
288,1,-102.9455606,48.0136559,31.011697191321424,15,5094.0,20.125629645372,2991.945195,2603.87255859375
289,1,-102.9453193,48.0136559,31.050373755850025,15,5112.0,20.167560896669457,2991.945195,2593.374755859375
290,1,-102.9450781,48.0136559,31.088909277076983,15,5130.0,20.209314919684218,2991.945195,2582.96337890625
291,1,-102.9448368,48.0136559,31.088909277076983,15,5148.0,20.25092040350988,2991.945195,2572.630615234375
292,1,-102.9445955,48.0136559,31.1655331132635,15,5166.0,20.292353121545673,2991.945195,2562.3818359375
293,1,-102.9443543,48.0136559,31.20360913461187,15,5184.0,20.333589477489923,2991.945195,2552.22216796875
294,1,-102.944113,48.0136559,31.20360913461187,15,5202.0,20.374655370403033,2991.945195,2542.14453125
295,1,-102.9438717,48.0136559,31.279257861206133,15,5220.0,20.41552810304809,2991.945195,2532.15380859375
296,1,-102.9436305,48.0136559,31.316817652548387,15,5238.0,20.45618263926518,2991.945195,2522.25537109375
297,1,-102.9433892,48.0136559,31.354192280698243,15,5256.0,20.496645022593256,2991.945195,2512.442138671875
298,1,-102.9431479,48.0136559,31.39137503483343,15,5274.0,20.536893136018833,2991.945195,2502.71875
299,1,-102.9429066,48.0136559,31.39137503483343,15,5292.0,20.57691674863885,2991.945195,2493.0869140625
300,1,-102.9426654,48.0136559,31.46513757939033,15,5310.0,20.616693263196154,2991.945195,2483.55126953125
301,1,-102.9424241,48.0136559,31.46513757939033,15,5328.0,20.656247913915948,2991.945195,2474.10498046875
302,1,-102.9421828,48.0136559,31.538049610983578,15,5346.0,20.695555981348477,2991.945195,2464.753173828125
303,1,-102.9419416,48.0136559,31.57416885859792,15,5364.0,20.73459447301913,2991.945195,2455.50048828125
304,1,-102.9417003,48.0136559,31.610053902195197,15,5382.0,20.77338567145442,2991.945195,2446.3408203125
305,1,-102.941459,48.0136559,31.6456973588028,15,5400.0,20.811906488947088,2991.945195,2437.27880859375
306,1,-102.9412178,48.0136559,31.681091750487344,15,5418.0,20.850132493742862,2991.945195,2428.3193359375
307,1,-102.9409765,48.0136559,31.716229517240947,15,5436.0,20.888087121176753,2991.945195,2419.4560546875
308,1,-102.9407352,48.0136559,31.751103008680804,15,5454.0,20.925746895053848,2991.945195,2410.693603515625
309,1,-102.940494,48.0136559,31.785704496024152,15,5472.0,20.963085935528696,2991.945195,2402.037109375
310,1,-102.9402527,48.0136559,31.785704496024152,15,5490.0,21.000128862903537,2991.945195,2393.47998046875
311,1,-102.9400114,48.0136559,31.854060146358087,15,5508.0,21.036849703046002,2991.945195,2385.02734375
312,1,-102.9397702,48.0136559,31.887798458483417,15,5526.0,21.07322643143506,2991.945195,2376.683349609375
313,1,-102.9395289,48.0136559,31.921233079344912,15,5544.0,21.109278500616696,2991.945195,2368.442626953125
314,1,-102.9392876,48.0136559,31.921233079344912,15,5562.0,21.144982747503278,2991.945195,2360.3095703125
315,1,-102.9390464,48.0136559,31.987158787513206,15,5580.0,21.180315748381318,2991.945195,2352.28857421875
316,1,-102.9388051,48.0136559,32.01963349008631,15,5598.0,21.21529706145462,2991.945195,2344.374267578125
317,1,-102.9385638,48.0136559,32.05177174204711,15,5616.0,21.249904276563697,2991.945195,2336.57080078125
318,1,-102.9383225,48.0136559,32.05177174204711,15,5634.0,21.284127805900837,2991.945195,2328.87939453125
319,1,-102.9380813,48.0136559,32.11500553296958,15,5652.0,21.317942719883135,2991.945195,2321.3046875
320,1,-102.93784,48.0136559,32.14608427890367,15,5670.0,21.351370929286432,2991.945195,2313.8408203125
321,1,-102.9375987,48.0136559,32.17679300148425,15,5688.0,21.384386357908355,2991.945195,2306.49267578125
322,1,-102.9373575,48.0136559,32.20712321328477,15,5706.0,21.416968180468857,2991.945195,2299.263916015625
323,1,-102.9371162,48.0136559,32.23706640261527,15,5724.0,21.44913187185641,2991.945195,2292.150146484375
324,1,-102.9368749,48.0136559,32.23706640261527,15,5742.0,21.480857691613025,2991.945195,2285.15478515625
325,1,-102.9366337,48.0136559,32.295757560695506,15,5760.0,21.512121287403417,2991.945195,2278.2822265625
326,1,-102.9363924,48.0136559,32.324488421726144,15,5778.0,21.542939374988364,2991.945195,2271.52783203125
327,1,-102.9361511,48.0136559,32.352798062890365,15,5796.0,21.57328979388025,2991.945195,2264.8955078125
328,1,-102.9359099,48.0136559,32.352798062890365,15,5814.0,21.60315133186164,2991.945195,2258.388916015625
329,1,-102.9356686,48.0136559,32.40811944433672,15,5832.0,21.632538632536424,2991.945195,2252.00390625
330,1,-102.9354273,48.0136559,32.43511410839924,15,5850.0,21.661430488265964,2991.945195,2245.744140625
331,1,-102.9351861,48.0136559,32.461653400011464,15,5868.0,21.689806678998067,2991.945195,2239.613037109375
332,1,-102.9349448,48.0136559,32.461653400011464,15,5886.0,21.71768089772992,2991.945195,2233.606689453125
333,1,-102.9347035,48.0136559,32.51333199461601,15,5904.0,21.74503181945873,2991.945195,2227.728759765625
334,1,-102.9344622,48.0136559,32.53845446022916,15,5922.0,21.77184939816449,2991.945195,2221.98046875
335,1,-102.934221,48.0136559,32.563087898001825,15,5940.0,21.7981167273269,2991.945195,2216.364501953125
336,1,-102.9339797,48.0136559,32.58722402085833,15,5958.0,21.82384319912326,2991.945195,2210.8779296875
337,1,-102.9337384,48.0136559,32.58722402085833,15,5976.0,21.84901197968476,2991.945195,2205.5234375
338,1,-102.9334972,48.0136559,32.63397154409696,15,5994.0,21.873602725088134,2991.945195,2200.304443359375
339,1,-102.9332559,48.0136559,32.63397154409696,15,6012.0,21.897626180767375,2991.945195,2195.2177734375
340,1,-102.9330146,48.0136559,32.678632260899185,15,6030.0,21.921065538280303,2991.945195,2190.26611328125
341,1,-102.9327734,48.0136559,32.700160222138905,15,6048.0,21.94390163347437,2991.945195,2185.45263671875
342,1,-102.9325321,48.0136559,32.72114287576025,15,6066.0,21.966145466894673,2991.945195,2180.774169921875
343,1,-102.9322908,48.0136559,32.74157257883557,15,6084.0,21.98777914293099,2991.945195,2176.233642578125
344,1,-102.9320496,48.0136559,32.7614418202281,15,6102.0,22.008785905544258,2991.945195,2171.833740234375
345,1,-102.9318083,48.0136559,32.780743212107446,15,6120.0,22.02917471065591,2991.945195,2167.57177734375
346,1,-102.931567,48.0136559,32.799469518063425,15,6138.0,22.04893128526841,2991.945195,2163.449951171875
347,1,-102.9313258,48.0136559,32.817613644114104,15,6156.0,22.068037855489266,2991.945195,2159.47119140625
348,1,-102.9310845,48.0136559,32.817613644114104,15,6174.0,22.0865036882834,2991.945195,2155.6328125
349,1,-102.9308432,48.0136559,32.852127786601784,15,6192.0,22.104313520450788,2991.945195,2151.937255859375
350,1,-102.930602,48.0136559,32.86848444104573,15,6210.0,22.121454477781114,2991.945195,2148.386474609375
351,1,-102.9303607,48.0136559,32.86848444104573,15,6228.0,22.137931461397713,2991.945195,2144.978759765625
352,1,-102.9301194,48.0136559,32.89936485804928,15,6246.0,22.153732977755354,2991.945195,2141.7158203125
353,1,-102.9298781,48.0136559,32.913876375001735,15,6264.0,22.168851158566,2991.945195,2138.5986328125
354,1,-102.9296369,48.0136559,32.92776093211583,15,6282.0,22.18327585989904,2991.945195,2135.628662109375
355,1,-102.9293956,48.0136559,32.92776093211583,15,6300.0,22.197011285589483,2991.945195,2132.804443359375
356,1,-102.9291543,48.0136559,32.95362696193771,15,6318.0,22.210046342321917,2991.945195,2130.127685546875
357,1,-102.9289131,48.0136559,32.95362696193771,15,6336.0,22.222371219641232,2991.945195,2127.599853515625
358,1,-102.9286718,48.0136559,32.97692076649998,15,6354.0,22.233989327845123,2991.945195,2125.2197265625
359,1,-102.9284305,48.0136559,32.987590914621464,15,6372.0,22.244893500574065,2991.945195,2122.98828125
360,1,-102.9281893,48.0136559,32.997603892054514,15,6390.0,22.255071913740025,2991.945195,2120.907470703125
361,1,-102.927948,48.0136559,33.006955507203564,15,6408.0,22.264530790728728,2991.945195,2118.9755859375
362,1,-102.9277067,48.0136559,33.01564182968968,15,6426.0,22.27326216937628,2991.945195,2117.19384765625
363,1,-102.9274655,48.0136559,33.01564182968968,15,6444.0,22.281257018323956,2991.945195,2115.563720703125
364,1,-102.9272242,48.0136559,33.031004195672736,15,6462.0,22.28851962234812,2991.945195,2114.083984375
365,1,-102.9269829,48.0136559,33.031004195672736,15,6480.0,22.295043641580506,2991.945195,2112.755615234375
366,1,-102.9267417,48.0136559,33.04366489905283,15,6498.0,22.30082407920746,2991.945195,2111.579345703125
367,1,-102.9265004,48.0136559,33.04897518678938,15,6516.0,22.305863292162016,2991.945195,2110.554443359375
368,1,-102.9262591,48.0136559,33.053602293936734,15,6534.0,22.31015539424554,2991.945195,2109.681884765625
369,1,-102.9260178,48.0136559,33.057544230651914,15,6552.0,22.31370065894727,2991.945195,2108.96142578125
370,1,-102.9257766,48.0136559,33.06079929404349,15,6570.0,22.316494714501502,2991.945195,2108.393798828125
371,1,-102.9255353,48.0136559,33.063366077750985,15,6588.0,22.318539358122692,2991.945195,2107.978515625
372,1,-102.925294,48.0136559,33.06524347169062,15,6606.0,22.31983174216016,2991.945195,2107.716064453125
373,1,-102.9250528,48.0136559,33.06643066060457,15,6624.0,22.32037278791192,2991.945195,2107.606201171875
374,1,-102.9248115,48.0136559,33.06643066060457,15,6642.0,22.320161175548677,2991.945195,2107.649169921875
375,1,-102.9245702,48.0136559,33.06673266874117,15,6660.0,22.319196951101347,2991.945195,2107.844970703125
376,1,-102.924329,48.0136559,33.06673266874117,15,6678.0,22.317481526305173,2991.945195,2108.193359375
377,1,-102.9240877,48.0136559,33.064271578403215,15,6696.0,22.315014071815213,2991.945195,2108.694580078125
378,1,-102.9238464,48.0136559,33.062006018920606,15,6714.0,22.31179752660357,2991.945195,2109.34814453125
379,1,-102.9236052,48.0136559,33.059051656453576,15,6732.0,22.307833787940794,2991.945195,2110.15380859375
380,1,-102.9233639,48.0136559,33.059051656453576,15,6750.0,22.303121311172916,2991.945195,2111.112060546875
381,1,-102.9231226,48.0136559,33.05108193216919,15,6768.0,22.297663515801943,2991.945195,2112.222412109375
382,1,-102.9228814,48.0136559,33.04607000877253,15,6786.0,22.291465175104562,2991.945195,2113.484130859375
383,1,-102.9226401,48.0136559,33.04037615307653,15,6804.0,22.284525220313967,2991.945195,2114.897705078125
384,1,-102.9223988,48.0136559,33.03400280993626,15,6822.0,22.27684873251401,2991.945195,2116.46240234375
385,1,-102.9221576,48.0136559,33.03400280993626,15,6840.0,22.26844213360421,2991.945195,2118.17724609375
386,1,-102.9219163,48.0136559,33.019228836578776,15,6858.0,22.259301224344895,2991.945195,2120.04345703125
387,1,-102.921675,48.0136559,33.010834490306365,15,6876.0,22.24943392004262,2991.945195,2122.059814453125
388,1,-102.9214337,48.0136559,33.00177321586529,15,6894.0,22.238844684095554,2991.945195,2124.225830078125
389,1,-102.9211925,48.0136559,32.99204882852865,15,6912.0,22.2275428834795,2991.945195,2126.5400390625
390,1,-102.9209512,48.0136559,32.98166540823949,15,6930.0,22.21552371368027,2991.945195,2129.00390625
391,1,-102.9207099,48.0136559,32.97062728346691,15,6948.0,22.202796811294164,2991.945195,2131.615966796875
392,1,-102.9204687,48.0136559,32.97062728346691,15,6966.0,22.189371917540385,2991.945195,2134.374755859375
393,1,-102.9202274,48.0136559,32.9466054930211,15,6984.0,22.17524582950678,2991.945195,2137.281494140625
394,1,-102.9199861,48.0136559,32.93363170900838,15,7002.0,22.160427350070236,2991.945195,2140.3349609375
395,1,-102.9197449,48.0136559,32.920022976790435,15,7020.0,22.144930108225353,2991.945195,2143.532958984375
396,1,-102.9195036,48.0136559,32.920022976790435,15,7038.0,22.12874772890906,2991.945195,2146.87744140625
397,1,-102.9192623,48.0136559,32.890922934775105,15,7056.0,22.111892875830605,2991.945195,2150.366455078125
398,1,-102.9190211,48.0136559,32.87544329036773,15,7074.0,22.09437944934747,2991.945195,2153.997802734375
399,1,-102.9187798,48.0136559,32.87544329036773,15,7092.0,22.076199080254682,2991.945195,2157.77392578125
400,1,-102.9185385,48.0136559,32.842655432863566,15,7110.0,22.057367042121015,2991.945195,2161.6923828125
401,1,-102.9182973,48.0136559,32.82536006650964,15,7128.0,22.037899804858668,2991.945195,2165.75048828125
402,1,-102.918056,48.0136559,32.80747260778903,15,7146.0,22.01778581905053,2991.945195,2169.951416015625
403,1,-102.9178147,48.0136559,32.80747260778903,15,7164.0,21.997044060063033,2991.945195,2174.2919921875
404,1,-102.9175734,48.0136559,32.76994902149026,15,7182.0,21.975679525642292,2991.945195,2178.77197265625
405,1,-102.9173322,48.0136559,32.75032709381467,15,7200.0,21.953710067122998,2991.945195,2183.388427734375
406,1,-102.9170909,48.0136559,32.73014145982733,15,7218.0,21.9311268723455,2991.945195,2188.14404296875
407,1,-102.9168496,48.0136559,32.73014145982733,15,7236.0,21.907946751335672,2991.945195,2193.0361328125
408,1,-102.9166084,48.0136559,32.688109030137554,15,7254.0,21.884187639542816,2991.945195,2198.061767578125
409,1,-102.9163671,48.0136559,32.688109030137554,15,7272.0,21.859837520792595,2991.945195,2203.224365234375
410,1,-102.9161258,48.0136559,32.64391288207017,15,7290.0,21.83491673712608,2991.945195,2208.5205078125
411,1,-102.9158846,48.0136559,32.64391288207017,15,7308.0,21.809443262404486,2991.945195,2213.947265625
412,1,-102.9156433,48.0136559,32.59761596204437,15,7326.0,21.783405319327713,2991.945195,2219.508056640625
413,1,-102.915402,48.0136559,32.57369980607864,15,7344.0,21.756823246477026,2991.945195,2225.199462890625
414,1,-102.9151608,48.0136559,32.549282735794066,15,7362.0,21.729715012042632,2991.945195,2231.0185546875
415,1,-102.9149195,48.0136559,32.549282735794066,15,7380.0,21.70206904692587,2991.945195,2236.96875
416,1,-102.9146782,48.0136559,32.49897894267326,15,7398.0,21.673905642480733,2991.945195,2243.046630859375
417,1,-102.914437,48.0136559,32.47310890819692,15,7416.0,21.64524384624771,2991.945195,2249.2490234375
418,1,-102.9141957,48.0136559,32.446771330768925,15,7434.0,21.616072258719996,2991.945195,2255.579345703125
419,1,-102.9139544,48.0136559,32.446771330768925,15,7452.0,21.586409952921414,2991.945195,2262.034423828125
420,1,-102.9137132,48.0136559,32.39272742785183,15,7470.0,21.55627923136457,2991.945195,2268.6103515625
421,1,-102.9134719,48.0136559,32.365038119681444,15,7488.0,21.52566436105441,2991.945195,2275.3115234375
422,1,-102.9132306,48.0136559,32.365038119681444,15,7506.0,21.49458763860561,2991.945195,2282.134033203125
423,1,-102.9129893,48.0136559,32.30836749915423,15,7524.0,21.463057899178395,2991.945195,2289.076904296875
424,1,-102.9127481,48.0136559,32.27940329989848,15,7542.0,21.431097199966572,2991.945195,2296.13623046875
425,1,-102.9125068,48.0136559,32.25003125741931,15,7560.0,21.398690001694305,2991.945195,2303.31640625
426,1,-102.9122655,48.0136559,32.22025992190597,15,7578.0,21.36585613536711,2991.945195,2310.614013671875
427,1,-102.9120243,48.0136559,32.19009783504019,15,7596.0,21.332621821977696,2991.945195,2318.024169921875
428,1,-102.911783,48.0136559,32.19009783504019,15,7614.0,21.298967255824337,2991.945195,2325.55224609375
429,1,-102.9115417,48.0136559,32.128635474477115,15,7632.0,21.264915320674433,2991.945195,2333.194091796875
430,1,-102.9113005,48.0136559,32.097352165164324,15,7650.0,21.23048867544422,2991.945195,2340.945556640625
431,1,-102.9110592,48.0136559,32.097352165164324,15,7668.0,21.195669829195097,2991.945195,2348.8115234375
432,1,-102.9108179,48.0136559,32.03372345659727,15,7686.0,21.16048137775759,2991.945195,2356.787841796875
433,1,-102.9105767,48.0136559,32.03372345659727,15,7704.0,21.124946751410207,2991.945195,2364.8701171875
434,1,-102.9103354,48.0136559,31.968734359123644,15,7722.0,21.089045340888347,2991.945195,2373.06396484375
435,1,-102.9100941,48.0136559,31.935750376333036,15,7740.0,21.05280157817829,2991.945195,2381.36474609375
436,1,-102.9098529,48.0136559,31.902451043871555,15,7758.0,21.016238557424273,2991.945195,2389.76806640625
437,1,-102.9096116,48.0136559,31.86884448696672,15,7776.0,20.9793357834361,2991.945195,2398.279541015625
438,1,-102.9093703,48.0136559,31.83493876715137,15,7794.0,20.942116275863995,2991.945195,2406.894775390625
439,1,-102.9091291,48.0136559,31.83493876715137,15,7812.0,20.904604880587996,2991.945195,2415.60888671875
440,1,-102.9088878,48.0136559,31.766261731259835,15,7830.0,20.8667780562419,2991.945195,2424.42822265625
441,1,-102.9086465,48.0136559,31.731506180759933,15,7848.0,20.8286605602065,2991.945195,2433.347900390625
442,1,-102.9084052,48.0136559,31.731506180759933,15,7866.0,20.790261276186285,2991.945195,2442.36669921875
443,1,-102.908164,48.0136559,31.661199834868583,15,7884.0,20.751603477129308,2991.945195,2451.47998046875
444,1,-102.9079227,48.0136559,31.661199834868583,15,7902.0,20.712662763193137,2991.945195,2460.6943359375
445,1,-102.9076814,48.0136559,31.589883966400052,15,7920.0,20.67346541645564,2991.945195,2470.00439453125
446,1,-102.9074402,48.0136559,31.553866188932417,15,7938.0,20.634033280707186,2991.945195,2479.40576171875
447,1,-102.9071989,48.0136559,31.553866188932417,15,7956.0,20.594344128548485,2991.945195,2488.904541015625
448,1,-102.9069576,48.0136559,31.48114761302985,15,7974.0,20.554419724786314,2991.945195,2498.496337890625
449,1,-102.9067164,48.0136559,31.48114761302985,15,7992.0,20.514285582972192,2991.945195,2508.17578125
450,1,-102.9064751,48.0136559,31.407566145929124,15,8010.0,20.47391653897874,2991.945195,2517.94970703125
451,1,-102.9062338,48.0136559,31.37046939474693,15,8028.0,20.43333497186937,2991.945195,2527.8134765625
452,1,-102.9059926,48.0136559,31.37046939474693,15,8046.0,20.392566943182274,2991.945195,2537.761474609375
453,1,-102.9057513,48.0136559,31.295698131510918,15,8064.0,20.35158442907833,2991.945195,2547.80126953125
454,1,-102.90551,48.0136559,31.295698131510918,15,8082.0,20.310412385221625,2991.945195,2557.927490234375
455,1,-102.9052688,48.0136559,31.220201053334037,15,8100.0,20.269074419150243,2991.945195,2568.135009765625
456,1,-102.9050275,48.0136559,31.182196652859346,15,8118.0,20.227543669062484,2991.945195,2578.43115234375
457,1,-102.9047862,48.0136559,31.1440301779804,15,8136.0,20.18584365218969,2991.945195,2588.810791015625
458,1,-102.9045449,48.0136559,31.1440301779804,15,8154.0,20.143981939957072,2991.945195,2599.272705078125
459,1,-102.9043037,48.0136559,31.067235881852543,15,8172.0,20.101981544424078,2991.945195,2609.811767578125
460,1,-102.9040624,48.0136559,31.067235881852543,15,8190.0,20.059813876809002,2991.945195,2620.435791015625
461,1,-102.9038211,48.0136559,30.989866878483948,15,8208.0,20.01750380671318,2991.945195,2631.13916015625
462,1,-102.9035799,48.0136559,30.950981635111535,15,8226.0,19.975073906553533,2991.945195,2641.916748046875
463,1,-102.9033386,48.0136559,30.950981635111535,15,8244.0,19.932496728433293,2991.945195,2652.776123046875
464,1,-102.9030973,48.0136559,30.87283829136888,15,8262.0,19.88979381239305,2991.945195,2663.71240234375
465,1,-102.9028561,48.0136559,30.87283829136888,15,8280.0,19.846990157242644,2991.945195,2674.7197265625
466,1,-102.9026148,48.0136559,30.794234782490992,15,8298.0,19.80405658904708,2991.945195,2685.80615234375
467,1,-102.9023735,48.0136559,30.75477393888449,15,8316.0,19.76101517168071,2991.945195,2696.966552734375
468,1,-102.9021323,48.0136559,30.71521402051031,15,8334.0,19.717889495356715,2991.945195,2708.1953125
469,1,-102.901891,48.0136559,30.71521402051031,15,8352.0,19.6746505934493,2991.945195,2719.50048828125
470,1,-102.9016497,48.0136559,30.635817302605858,15,8370.0,19.63132010454619,2991.945195,2730.876953125
471,1,-102.9014085,48.0136559,30.595990422185118,15,8388.0,19.587921172459133,2991.945195,2742.319091796875
472,1,-102.9011672,48.0136559,30.556084300450365,15,8406.0,19.544425037503984,2991.945195,2753.8349609375
473,1,-102.9009259,48.0136559,30.556084300450365,15,8424.0,19.50085291636809,2991.945195,2765.41943359375
474,1,-102.9006847,48.0136559,30.476053098511446,15,8442.0,19.4572275106092,2991.945195,2777.06689453125
475,1,-102.9004434,48.0136559,30.476053098511446,15,8460.0,19.413518450104377,2991.945195,2788.785888671875
476,1,-102.9002021,48.0136559,30.39576021740171,15,8478.0,19.369749271558547,2991.945195,2800.570556640625
477,1,-102.8999608,48.0136559,30.355526633498098,15,8496.0,19.325922405116486,2991.945195,2812.420654296875
478,1,-102.8997196,48.0136559,30.315240633083892,15,8514.0,19.2820617842262,2991.945195,2824.330078125
479,1,-102.8994783,48.0136559,30.315240633083892,15,8532.0,19.23813555471712,2991.945195,2836.307861328125
480,1,-102.899237,48.0136559,30.23452783726571,15,8550.0,19.194165788396205,2991.945195,2848.348388671875
481,1,-102.8989958,48.0136559,30.1941090439309,15,8568.0,19.15017508085272,2991.945195,2860.44580078125
482,1,-102.8987545,48.0136559,30.153653835944766,15,8586.0,19.106131841969002,2991.945195,2872.609130859375
483,1,-102.8985132,48.0136559,30.153653835944766,15,8604.0,19.062056849374315,2991.945195,2884.8330078125
484,1,-102.898272,48.0136559,30.07264920622731,15,8622.0,19.017973162053508,2991.945195,2897.111328125
485,1,-102.8980307,48.0136559,30.032107081973074,15,8640.0,18.973847711742636,2991.945195,2909.45361328125
486,1,-102.8977894,48.0136559,29.99154314125527,15,8658.0,18.92970263497149,2991.945195,2921.85400390625
487,1,-102.8975482,48.0136559,29.99154314125527,15,8676.0,18.885560564186775,2991.945195,2934.306396484375
488,1,-102.8973069,48.0136559,29.910363459474215,15,8694.0,18.84138699692572,2991.945195,2946.82080078125
489,1,-102.8970656,48.0136559,29.869754346241002,15,8712.0,18.797205391196044,2991.945195,2959.390869140625
490,1,-102.8968244,48.0136559,29.869754346241002,15,8730.0,18.75303625537724,2991.945195,2972.010986328125
491,1,-102.8965831,48.0136559,29.788513552662366,15,8748.0,18.70884626477782,2991.945195,2984.69091796875
492,1,-102.8963418,48.0136559,29.747888020903584,15,8766.0,18.66465761546938,2991.945195,2997.424560546875
493,1,-102.8961005,48.0136559,29.747888020903584,15,8784.0,18.62047361170967,2991.945195,3010.211181640625
494,1,-102.8958593,48.0136558,29.66664149795879,15,8802.0,18.576288284036522,2991.945195,3023.052734375
495,1,-102.895618,48.0136558,29.66664149795879,15,8820.0,18.532120808159178,2991.945195,3035.94384765625
496,1,-102.8953767,48.0136558,29.58541991170579,15,8838.0,18.487967596514366,2991.945195,3048.8857421875
497,1,-102.8951355,48.0136558,29.58541991170579,15,8856.0,18.443847469898415,2991.945195,3061.873046875
498,1,-102.8948942,48.0136558,29.504244898199097,15,8874.0,18.39972866055963,2991.945195,3074.915283203125
499,1,-102.8946529,48.0136558,29.46368132451168,15,8892.0,18.35563081815853,2991.945195,3088.0068359375
