TimeStep,ID,Latitude,Longitude,SignalStrength,CurrentBasestation,finished,Trajectory,UnManned,Level,Flag
1,1,48.0154367,-103.0109444,999,-1,1,-1,true,1,-1
1,1,48.0154367,-103.0109444,999,-1,1,-1,true,1,-1
2,1,48.0152748,-103.0109444,999,-1,1,-1,true,1,-1
2,1,48.0152748,-103.0109444,999,-1,1,-1,true,1,-1
3,1,48.0151129,-103.0109444,999,-1,1,-1,true,1,-1
3,1,48.0151129,-103.0109444,999,-1,1,-1,true,1,-1
4,1,48.014951,-103.0109444,999,-1,1,-1,true,1,-1
4,1,48.014951,-103.0109444,999,-1,1,-1,true,1,-1
5,1,48.0147892,-103.0109444,999,-1,1,-1,true,1,-1
5,1,48.0147892,-103.0109444,999,-1,1,-1,true,1,-1
6,1,48.0146273,-103.0109444,999,-1,1,-1,true,1,-1
6,1,48.0146273,-103.0109444,999,-1,1,-1,true,1,-1
7,1,48.0144654,-103.0109444,999,-1,1,-1,true,1,-1
7,1,48.0144654,-103.0109444,999,-1,1,-1,true,1,-1
8,1,48.0143035,-103.0109444,999,-1,1,-1,true,1,-1
8,1,48.0143035,-103.0109444,999,-1,1,-1,true,1,-1
9,1,48.0141416,-103.0109444,999,-1,1,-1,true,1,-1
9,1,48.0141416,-103.0109444,999,-1,1,-1,true,1,-1
10,1,48.0141416,-103.0109444,999,-1,1,-1,true,1,-1
11,1,48.0141416,-103.0109444,999,-1,1,-1,true,1,-1
12,1,48.0141416,-103.0109444,999,-1,1,-1,true,1,-1
13,1,48.0141416,-103.0109444,999,-1,1,-1,true,1,-1
14,1,48.0141416,-103.0109444,999,-1,1,-1,true,1,-1
15,1,48.0139797,-103.0109444,999,-1,1,-1,true,1,-1
15,1,48.0139797,-103.0109444,999,-1,1,-1,true,1,-1
16,1,48.0138179,-103.0109444,999,-1,1,-1,true,1,-1
16,1,48.0138179,-103.0109444,999,-1,1,-1,true,1,-1
17,1,48.013656,-103.0109444,999,-1,1,-1,true,1,-1
17,1,48.013656,-103.0109444,999,-1,1,-1,true,1,-1
18,1,48.013656,-103.0107031,999,-1,1,-1,true,1,-1
18,1,48.013656,-103.0107031,999,-1,1,-1,true,1,-1
19,1,48.013656,-103.0104618,999,-1,1,-1,true,1,-1
19,1,48.013656,-103.0104618,999,-1,1,-1,true,1,-1
20,1,48.013656,-103.0102206,999,-1,1,-1,true,1,-1
20,1,48.013656,-103.0102206,999,-1,1,-1,true,1,-1
21,1,48.013656,-103.0099793,999,-1,1,-1,true,1,-1
21,1,48.013656,-103.0099793,999,-1,1,-1,true,1,-1
22,1,48.013656,-103.009738,999,-1,1,-1,true,1,-1
22,1,48.013656,-103.009738,999,-1,1,-1,true,1,-1
23,1,48.013656,-103.0094968,999,-1,1,-1,true,1,-1
23,1,48.013656,-103.0094968,999,-1,1,-1,true,1,-1
24,1,48.013656,-103.0092555,999,-1,1,-1,true,1,-1
24,1,48.013656,-103.0092555,999,-1,1,-1,true,1,-1
25,1,48.013656,-103.0090142,999,-1,1,-1,true,1,-1
25,1,48.013656,-103.0090142,999,-1,1,-1,true,1,-1
26,1,48.013656,-103.008773,999,-1,1,-1,true,1,-1
26,1,48.013656,-103.008773,999,-1,1,-1,true,1,-1
27,1,48.013656,-103.0085317,999,-1,1,-1,true,1,-1
27,1,48.013656,-103.0085317,999,-1,1,-1,true,1,-1
28,1,48.013656,-103.0082904,999,-1,1,-1,true,1,-1
28,1,48.013656,-103.0082904,999,-1,1,-1,true,1,-1
29,1,48.013656,-103.0080492,999,-1,1,-1,true,1,-1
29,1,48.013656,-103.0080492,999,-1,1,-1,true,1,-1
30,1,48.013656,-103.0078079,999,-1,1,-1,true,1,-1
30,1,48.013656,-103.0078079,999,-1,1,-1,true,1,-1
31,1,48.013656,-103.0075666,999,-1,1,-1,true,1,-1
31,1,48.013656,-103.0075666,999,-1,1,-1,true,1,-1
32,1,48.013656,-103.0073254,999,-1,1,-1,true,1,-1
32,1,48.013656,-103.0073254,999,-1,1,-1,true,1,-1
33,1,48.013656,-103.0070841,999,-1,1,-1,true,1,-1
33,1,48.013656,-103.0070841,999,-1,1,-1,true,1,-1
34,1,48.013656,-103.0068428,999,-1,1,-1,true,1,-1
34,1,48.013656,-103.0068428,999,-1,1,-1,true,1,-1
35,1,48.013656,-103.0066016,999,-1,1,-1,true,1,-1
35,1,48.013656,-103.0066016,999,-1,1,-1,true,1,-1
36,1,48.013656,-103.0063603,999,-1,1,-1,true,1,-1
36,1,48.013656,-103.0063603,999,-1,1,-1,true,1,-1
37,1,48.013656,-103.006119,999,-1,1,-1,true,1,-1
37,1,48.013656,-103.006119,999,-1,1,-1,true,1,-1
38,1,48.013656,-103.0058777,999,-1,1,-1,true,1,-1
38,1,48.013656,-103.0058777,999,-1,1,-1,true,1,-1
39,1,48.013656,-103.0056365,999,-1,1,-1,true,1,-1
39,1,48.013656,-103.0056365,999,-1,1,-1,true,1,-1
40,1,48.013656,-103.0053952,999,-1,1,-1,true,1,-1
40,1,48.013656,-103.0053952,999,-1,1,-1,true,1,-1
41,1,48.013656,-103.0051539,999,-1,1,-1,true,1,-1
41,1,48.013656,-103.0051539,999,-1,1,-1,true,1,-1
42,1,48.013656,-103.0049127,999,-1,1,-1,true,1,-1
42,1,48.013656,-103.0049127,999,-1,1,-1,true,1,-1
43,1,48.013656,-103.0046714,999,-1,1,-1,true,1,-1
43,1,48.013656,-103.0046714,999,-1,1,-1,true,1,-1
44,1,48.013656,-103.0044301,999,-1,1,-1,true,1,-1
44,1,48.013656,-103.0044301,999,-1,1,-1,true,1,-1
45,1,48.013656,-103.0041889,999,-1,1,-1,true,1,-1
45,1,48.013656,-103.0041889,999,-1,1,-1,true,1,-1
46,1,48.013656,-103.0039476,999,-1,1,-1,true,1,-1
46,1,48.013656,-103.0039476,999,-1,1,-1,true,1,-1
47,1,48.013656,-103.0037063,999,-1,1,-1,true,1,-1
47,1,48.013656,-103.0037063,999,-1,1,-1,true,1,-1
48,1,48.013656,-103.0034651,999,-1,1,-1,true,1,-1
48,1,48.013656,-103.0034651,999,-1,1,-1,true,1,-1
49,1,48.013656,-103.0032238,999,-1,1,-1,true,1,-1
49,1,48.013656,-103.0032238,999,-1,1,-1,true,1,-1
50,1,48.013656,-103.0029825,999,-1,1,-1,true,1,-1
50,1,48.013656,-103.0029825,999,-1,1,-1,true,1,-1
51,1,48.013656,-103.0027413,999,-1,1,-1,true,1,-1
51,1,48.013656,-103.0027413,999,-1,1,-1,true,1,-1
52,1,48.013656,-103.0025,999,-1,1,-1,true,1,-1
52,1,48.013656,-103.0025,999,-1,1,-1,true,1,-1
53,1,48.013656,-103.0022587,999,-1,1,-1,true,1,-1
53,1,48.013656,-103.0022587,999,-1,1,-1,true,1,-1
54,1,48.013656,-103.0020174,999,-1,1,-1,true,1,-1
54,1,48.013656,-103.0020174,999,-1,1,-1,true,1,-1
55,1,48.013656,-103.0017762,999,-1,1,-1,true,1,-1
55,1,48.013656,-103.0017762,999,-1,1,-1,true,1,-1
56,1,48.013656,-103.0015349,999,-1,1,-1,true,1,-1
56,1,48.013656,-103.0015349,999,-1,1,-1,true,1,-1
57,1,48.013656,-103.0012936,999,-1,1,-1,true,1,-1
57,1,48.013656,-103.0012936,999,-1,1,-1,true,1,-1
58,1,48.013656,-103.0010524,999,-1,1,-1,true,1,-1
58,1,48.013656,-103.0010524,999,-1,1,-1,true,1,-1
59,1,48.013656,-103.0008111,999,-1,1,-1,true,1,-1
59,1,48.013656,-103.0008111,999,-1,1,-1,true,1,-1
60,1,48.013656,-103.0005698,999,-1,1,-1,true,1,-1
60,1,48.013656,-103.0005698,999,-1,1,-1,true,1,-1
61,1,48.013656,-103.0003286,999,-1,1,-1,true,1,-1
61,1,48.013656,-103.0003286,999,-1,1,-1,true,1,-1
62,1,48.013656,-103.0000873,999,-1,1,-1,true,1,-1
62,1,48.013656,-103.0000873,999,-1,1,-1,true,1,-1
63,1,48.013656,-102.999846,999,-1,1,-1,true,1,-1
63,1,48.013656,-102.999846,999,-1,1,-1,true,1,-1
64,1,48.013656,-102.9996048,999,-1,1,-1,true,1,-1
64,1,48.013656,-102.9996048,999,-1,1,-1,true,1,-1
65,1,48.013656,-102.9993635,999,-1,1,-1,true,1,-1
65,1,48.013656,-102.9993635,999,-1,1,-1,true,1,-1
66,1,48.013656,-102.9991222,999,-1,1,-1,true,1,-1
66,1,48.013656,-102.9991222,999,-1,1,-1,true,1,-1
67,1,48.013656,-102.998881,999,-1,1,-1,true,1,-1
67,1,48.013656,-102.998881,999,-1,1,-1,true,1,-1
68,1,48.013656,-102.9986397,999,-1,1,-1,true,1,-1
68,1,48.013656,-102.9986397,999,-1,1,-1,true,1,-1
69,1,48.013656,-102.9983984,999,-1,1,-1,true,1,-1
69,1,48.013656,-102.9983984,999,-1,1,-1,true,1,-1
70,1,48.013656,-102.9981572,999,-1,1,-1,true,1,-1
70,1,48.013656,-102.9981572,999,-1,1,-1,true,1,-1
71,1,48.013656,-102.9979159,999,-1,1,-1,true,1,-1
71,1,48.013656,-102.9979159,999,-1,1,-1,true,1,-1
72,1,48.013656,-102.9976746,999,-1,1,-1,true,1,-1
72,1,48.013656,-102.9976746,999,-1,1,-1,true,1,-1
73,1,48.013656,-102.9974333,999,-1,1,-1,true,1,-1
73,1,48.013656,-102.9974333,999,-1,1,-1,true,1,-1
74,1,48.013656,-102.9971921,999,-1,1,-1,true,1,-1
74,1,48.013656,-102.9971921,999,-1,1,-1,true,1,-1
75,1,48.013656,-102.9969508,999,-1,1,-1,true,1,-1
75,1,48.013656,-102.9969508,999,-1,1,-1,true,1,-1
76,1,48.013656,-102.9967095,999,-1,1,-1,true,1,-1
76,1,48.013656,-102.9967095,999,-1,1,-1,true,1,-1
77,1,48.013656,-102.9964683,999,-1,1,-1,true,1,-1
77,1,48.013656,-102.9964683,999,-1,1,-1,true,1,-1
78,1,48.013656,-102.996227,999,-1,1,-1,true,1,-1
78,1,48.013656,-102.996227,999,-1,1,-1,true,1,-1
79,1,48.013656,-102.9959857,999,-1,1,-1,true,1,-1
79,1,48.013656,-102.9959857,999,-1,1,-1,true,1,-1
80,1,48.013656,-102.9957445,999,-1,1,-1,true,1,-1
80,1,48.013656,-102.9957445,999,-1,1,-1,true,1,-1
81,1,48.013656,-102.9955032,999,-1,1,-1,true,1,-1
81,1,48.013656,-102.9955032,999,-1,1,-1,true,1,-1
82,1,48.013656,-102.9952619,999,-1,1,-1,true,1,-1
82,1,48.013656,-102.9952619,999,-1,1,-1,true,1,-1
83,1,48.013656,-102.9950207,999,-1,1,-1,true,1,-1
83,1,48.013656,-102.9950207,999,-1,1,-1,true,1,-1
84,1,48.013656,-102.9947794,999,-1,1,-1,true,1,-1
84,1,48.013656,-102.9947794,999,-1,1,-1,true,1,-1
85,1,48.013656,-102.9945381,999,-1,1,-1,true,1,-1
85,1,48.013656,-102.9945381,999,-1,1,-1,true,1,-1
86,1,48.013656,-102.9942969,999,-1,1,-1,true,1,-1
86,1,48.013656,-102.9942969,999,-1,1,-1,true,1,-1
87,1,48.013656,-102.9940556,999,-1,1,-1,true,1,-1
87,1,48.013656,-102.9940556,999,-1,1,-1,true,1,-1
88,1,48.013656,-102.9938143,999,-1,1,-1,true,1,-1
88,1,48.013656,-102.9938143,999,-1,1,-1,true,1,-1
89,1,48.013656,-102.993573,999,-1,1,-1,true,1,-1
89,1,48.013656,-102.993573,999,-1,1,-1,true,1,-1
90,1,48.013656,-102.9933318,999,-1,1,-1,true,1,-1
90,1,48.013656,-102.9933318,999,-1,1,-1,true,1,-1
91,1,48.013656,-102.9930905,999,-1,1,-1,true,1,-1
91,1,48.013656,-102.9930905,999,-1,1,-1,true,1,-1
92,1,48.013656,-102.9928492,999,-1,1,-1,true,1,-1
92,1,48.013656,-102.9928492,999,-1,1,-1,true,1,-1
93,1,48.013656,-102.992608,999,-1,1,-1,true,1,-1
93,1,48.013656,-102.992608,999,-1,1,-1,true,1,-1
94,1,48.013656,-102.9923667,999,-1,1,-1,true,1,-1
94,1,48.013656,-102.9923667,999,-1,1,-1,true,1,-1
95,1,48.013656,-102.9921254,999,-1,1,-1,true,1,-1
95,1,48.013656,-102.9921254,999,-1,1,-1,true,1,-1
96,1,48.013656,-102.9918842,999,-1,1,-1,true,1,-1
96,1,48.013656,-102.9918842,999,-1,1,-1,true,1,-1
97,1,48.013656,-102.9916429,999,-1,1,-1,true,1,-1
97,1,48.013656,-102.9916429,999,-1,1,-1,true,1,-1
98,1,48.013656,-102.9914016,999,-1,1,-1,true,1,-1
98,1,48.013656,-102.9914016,999,-1,1,-1,true,1,-1
99,1,48.0136559,-102.9911604,999,-1,1,-1,true,1,-1
99,1,48.0136559,-102.9911604,999,-1,1,-1,true,1,-1
100,1,48.0136559,-102.9909191,999,-1,1,-1,true,1,-1
100,1,48.0136559,-102.9909191,999,-1,1,-1,true,1,-1
101,1,48.0136559,-102.9906778,999,-1,1,-1,true,1,-1
101,1,48.0136559,-102.9906778,999,-1,1,-1,true,1,-1
102,1,48.0136559,-102.9904366,999,-1,1,-1,true,1,-1
102,1,48.0136559,-102.9904366,999,-1,1,-1,true,1,-1
103,1,48.0136559,-102.9901953,999,-1,1,-1,true,1,-1
103,1,48.0136559,-102.9901953,999,-1,1,-1,true,1,-1
104,1,48.0136559,-102.989954,999,-1,1,-1,true,1,-1
104,1,48.0136559,-102.989954,999,-1,1,-1,true,1,-1
105,1,48.0136559,-102.9897128,999,-1,1,-1,true,1,-1
105,1,48.0136559,-102.9897128,999,-1,1,-1,true,1,-1
106,1,48.0136559,-102.9894715,999,-1,1,-1,true,1,-1
106,1,48.0136559,-102.9894715,999,-1,1,-1,true,1,-1
107,1,48.0136559,-102.9892302,999,-1,1,-1,true,1,-1
107,1,48.0136559,-102.9892302,999,-1,1,-1,true,1,-1
108,1,48.0136559,-102.9889889,999,-1,1,-1,true,1,-1
108,1,48.0136559,-102.9889889,999,-1,1,-1,true,1,-1
109,1,48.0136559,-102.9887477,999,-1,1,-1,true,1,-1
109,1,48.0136559,-102.9887477,999,-1,1,-1,true,1,-1
110,1,48.0136559,-102.9885064,999,-1,1,-1,true,1,-1
110,1,48.0136559,-102.9885064,999,-1,1,-1,true,1,-1
111,1,48.0136559,-102.9882651,999,-1,1,-1,true,1,-1
111,1,48.0136559,-102.9882651,999,-1,1,-1,true,1,-1
112,1,48.0136559,-102.9880239,999,-1,1,-1,true,1,-1
112,1,48.0136559,-102.9880239,999,-1,1,-1,true,1,-1
113,1,48.0136559,-102.9877826,999,-1,1,-1,true,1,-1
113,1,48.0136559,-102.9877826,999,-1,1,-1,true,1,-1
114,1,48.0136559,-102.9875413,999,-1,1,-1,true,1,-1
114,1,48.0136559,-102.9875413,999,-1,1,-1,true,1,-1
115,1,48.0136559,-102.9873001,999,-1,1,-1,true,1,-1
115,1,48.0136559,-102.9873001,999,-1,1,-1,true,1,-1
116,1,48.0136559,-102.9870588,999,-1,1,-1,true,1,-1
116,1,48.0136559,-102.9870588,999,-1,1,-1,true,1,-1
117,1,48.0136559,-102.9868175,999,-1,1,-1,true,1,-1
117,1,48.0136559,-102.9868175,999,-1,1,-1,true,1,-1
118,1,48.0136559,-102.9865763,999,-1,1,-1,true,1,-1
118,1,48.0136559,-102.9865763,999,-1,1,-1,true,1,-1
119,1,48.0136559,-102.986335,999,-1,1,-1,true,1,-1
119,1,48.0136559,-102.986335,999,-1,1,-1,true,1,-1
120,1,48.0136559,-102.9860937,999,-1,1,-1,true,1,-1
120,1,48.0136559,-102.9860937,999,-1,1,-1,true,1,-1
121,1,48.0136559,-102.9858525,999,-1,1,-1,true,1,-1
121,1,48.0136559,-102.9858525,999,-1,1,-1,true,1,-1
122,1,48.0136559,-102.9856112,999,-1,1,-1,true,1,-1
122,1,48.0136559,-102.9856112,999,-1,1,-1,true,1,-1
123,1,48.0136559,-102.9853699,999,-1,1,-1,true,1,-1
123,1,48.0136559,-102.9853699,999,-1,1,-1,true,1,-1
124,1,48.0136559,-102.9851286,999,-1,1,-1,true,1,-1
124,1,48.0136559,-102.9851286,999,-1,1,-1,true,1,-1
125,1,48.0136559,-102.9848874,999,-1,1,-1,true,1,-1
125,1,48.0136559,-102.9848874,999,-1,1,-1,true,1,-1
126,1,48.0136559,-102.9846461,999,-1,1,-1,true,1,-1
126,1,48.0136559,-102.9846461,999,-1,1,-1,true,1,-1
127,1,48.0136559,-102.9844048,999,-1,1,-1,true,1,-1
127,1,48.0136559,-102.9844048,999,-1,1,-1,true,1,-1
128,1,48.0136559,-102.9841636,999,-1,1,-1,true,1,-1
128,1,48.0136559,-102.9841636,999,-1,1,-1,true,1,-1
129,1,48.0136559,-102.9839223,999,-1,1,-1,true,1,-1
129,1,48.0136559,-102.9839223,999,-1,1,-1,true,1,-1
130,1,48.0136559,-102.983681,999,-1,1,-1,true,1,-1
130,1,48.0136559,-102.983681,999,-1,1,-1,true,1,-1
131,1,48.0136559,-102.9834398,999,-1,1,-1,true,1,-1
131,1,48.0136559,-102.9834398,999,-1,1,-1,true,1,-1
132,1,48.0136559,-102.9831985,999,-1,1,-1,true,1,-1
132,1,48.0136559,-102.9831985,999,-1,1,-1,true,1,-1
133,1,48.0136559,-102.9829572,999,-1,1,-1,true,1,-1
133,1,48.0136559,-102.9829572,999,-1,1,-1,true,1,-1
134,1,48.0136559,-102.982716,999,-1,1,-1,true,1,-1
134,1,48.0136559,-102.982716,999,-1,1,-1,true,1,-1
135,1,48.0136559,-102.9824747,999,-1,1,-1,true,1,-1
135,1,48.0136559,-102.9824747,999,-1,1,-1,true,1,-1
136,1,48.0136559,-102.9822334,999,-1,1,-1,true,1,-1
136,1,48.0136559,-102.9822334,999,-1,1,-1,true,1,-1
137,1,48.0136559,-102.9819922,999,-1,1,-1,true,1,-1
137,1,48.0136559,-102.9819922,999,-1,1,-1,true,1,-1
138,1,48.0136559,-102.9817509,999,-1,1,-1,true,1,-1
138,1,48.0136559,-102.9817509,999,-1,1,-1,true,1,-1
139,1,48.0136559,-102.9815096,999,-1,1,-1,true,1,-1
139,1,48.0136559,-102.9815096,999,-1,1,-1,true,1,-1
140,1,48.0136559,-102.9812684,999,-1,1,-1,true,1,-1
140,1,48.0136559,-102.9812684,999,-1,1,-1,true,1,-1
141,1,48.0136559,-102.9810271,999,-1,1,-1,true,1,-1
141,1,48.0136559,-102.9810271,999,-1,1,-1,true,1,-1
142,1,48.0136559,-102.9807858,999,-1,1,-1,true,1,-1
142,1,48.0136559,-102.9807858,999,-1,1,-1,true,1,-1
143,1,48.0136559,-102.9805445,999,-1,1,-1,true,1,-1
143,1,48.0136559,-102.9805445,999,-1,1,-1,true,1,-1
144,1,48.0136559,-102.9803033,999,-1,1,-1,true,1,-1
144,1,48.0136559,-102.9803033,999,-1,1,-1,true,1,-1
145,1,48.0136559,-102.980062,999,-1,1,-1,true,1,-1
145,1,48.0136559,-102.980062,999,-1,1,-1,true,1,-1
146,1,48.0136559,-102.9798207,999,-1,1,-1,true,1,-1
146,1,48.0136559,-102.9798207,999,-1,1,-1,true,1,-1
147,1,48.0136559,-102.9795795,999,-1,1,-1,true,1,-1
147,1,48.0136559,-102.9795795,999,-1,1,-1,true,1,-1
148,1,48.0136559,-102.9793382,999,-1,1,-1,true,1,-1
148,1,48.0136559,-102.9793382,999,-1,1,-1,true,1,-1
149,1,48.0136559,-102.9790969,999,-1,1,-1,true,1,-1
149,1,48.0136559,-102.9790969,999,-1,1,-1,true,1,-1
150,1,48.0136559,-102.9788557,999,-1,1,-1,true,1,-1
150,1,48.0136559,-102.9788557,999,-1,1,-1,true,1,-1
151,1,48.0136559,-102.9786144,999,-1,1,-1,true,1,-1
151,1,48.0136559,-102.9786144,999,-1,1,-1,true,1,-1
152,1,48.0136559,-102.9783731,999,-1,1,-1,true,1,-1
152,1,48.0136559,-102.9783731,999,-1,1,-1,true,1,-1
153,1,48.0136559,-102.9781319,999,-1,1,-1,true,1,-1
153,1,48.0136559,-102.9781319,999,-1,1,-1,true,1,-1
154,1,48.0136559,-102.9778906,999,-1,1,-1,true,1,-1
154,1,48.0136559,-102.9778906,999,-1,1,-1,true,1,-1
155,1,48.0136559,-102.9776493,999,-1,1,-1,true,1,-1
155,1,48.0136559,-102.9776493,999,-1,1,-1,true,1,-1
156,1,48.0136559,-102.9774081,999,-1,1,-1,true,1,-1
156,1,48.0136559,-102.9774081,999,-1,1,-1,true,1,-1
157,1,48.0136559,-102.9771668,999,-1,1,-1,true,1,-1
157,1,48.0136559,-102.9771668,999,-1,1,-1,true,1,-1
158,1,48.0136559,-102.9769255,999,-1,1,-1,true,1,-1
158,1,48.0136559,-102.9769255,999,-1,1,-1,true,1,-1
159,1,48.0136559,-102.9766842,999,-1,1,-1,true,1,-1
159,1,48.0136559,-102.9766842,999,-1,1,-1,true,1,-1
160,1,48.0136559,-102.976443,999,-1,1,-1,true,1,-1
160,1,48.0136559,-102.976443,999,-1,1,-1,true,1,-1
161,1,48.0136559,-102.9762017,999,-1,1,-1,true,1,-1
161,1,48.0136559,-102.9762017,999,-1,1,-1,true,1,-1
162,1,48.0136559,-102.9759604,999,-1,1,-1,true,1,-1
162,1,48.0136559,-102.9759604,999,-1,1,-1,true,1,-1
163,1,48.0136559,-102.9757192,999,-1,1,-1,true,1,-1
163,1,48.0136559,-102.9757192,999,-1,1,-1,true,1,-1
164,1,48.0136559,-102.9754779,999,-1,1,-1,true,1,-1
164,1,48.0136559,-102.9754779,999,-1,1,-1,true,1,-1
165,1,48.0136559,-102.9752366,999,-1,1,-1,true,1,-1
165,1,48.0136559,-102.9752366,999,-1,1,-1,true,1,-1
166,1,48.0136559,-102.9749954,999,-1,1,-1,true,1,-1
166,1,48.0136559,-102.9749954,999,-1,1,-1,true,1,-1
167,1,48.0136559,-102.9747541,999,-1,1,-1,true,1,-1
167,1,48.0136559,-102.9747541,999,-1,1,-1,true,1,-1
168,1,48.0136559,-102.9745128,999,-1,1,-1,true,1,-1
168,1,48.0136559,-102.9745128,999,-1,1,-1,true,1,-1
169,1,48.0136559,-102.9742716,999,-1,1,-1,true,1,-1
169,1,48.0136559,-102.9742716,999,-1,1,-1,true,1,-1
170,1,48.0136559,-102.9740303,999,-1,1,-1,true,1,-1
170,1,48.0136559,-102.9740303,999,-1,1,-1,true,1,-1
171,1,48.0136559,-102.973789,999,-1,1,-1,true,1,-1
171,1,48.0136559,-102.973789,999,-1,1,-1,true,1,-1
172,1,48.0136559,-102.9735478,999,-1,1,-1,true,1,-1
172,1,48.0136559,-102.9735478,999,-1,1,-1,true,1,-1
173,1,48.0136559,-102.9733065,999,-1,1,-1,true,1,-1
173,1,48.0136559,-102.9733065,999,-1,1,-1,true,1,-1
174,1,48.0136559,-102.9730652,999,-1,1,-1,true,1,-1
174,1,48.0136559,-102.9730652,999,-1,1,-1,true,1,-1
175,1,48.0136559,-102.972824,999,-1,1,-1,true,1,-1
175,1,48.0136559,-102.972824,999,-1,1,-1,true,1,-1
176,1,48.0136559,-102.9725827,999,-1,1,-1,true,1,-1
176,1,48.0136559,-102.9725827,999,-1,1,-1,true,1,-1
177,1,48.0136559,-102.9723414,999,-1,1,-1,true,1,-1
177,1,48.0136559,-102.9723414,999,-1,1,-1,true,1,-1
178,1,48.0136559,-102.9721001,999,-1,1,-1,true,1,-1
178,1,48.0136559,-102.9721001,999,-1,1,-1,true,1,-1
179,1,48.0136559,-102.9718589,999,-1,1,-1,true,1,-1
179,1,48.0136559,-102.9718589,999,-1,1,-1,true,1,-1
180,1,48.0136559,-102.9716176,999,-1,1,-1,true,1,-1
180,1,48.0136559,-102.9716176,999,-1,1,-1,true,1,-1
181,1,48.0136559,-102.9713763,999,-1,1,-1,true,1,-1
181,1,48.0136559,-102.9713763,999,-1,1,-1,true,1,-1
182,1,48.0136559,-102.9711351,999,-1,1,-1,true,1,-1
182,1,48.0136559,-102.9711351,999,-1,1,-1,true,1,-1
183,1,48.0136559,-102.9708938,999,-1,1,-1,true,1,-1
183,1,48.0136559,-102.9708938,999,-1,1,-1,true,1,-1
184,1,48.0136559,-102.9706525,999,-1,1,-1,true,1,-1
184,1,48.0136559,-102.9706525,999,-1,1,-1,true,1,-1
185,1,48.0136559,-102.9704113,999,-1,1,-1,true,1,-1
185,1,48.0136559,-102.9704113,999,-1,1,-1,true,1,-1
186,1,48.0136559,-102.97017,999,-1,1,-1,true,1,-1
186,1,48.0136559,-102.97017,999,-1,1,-1,true,1,-1
187,1,48.0136559,-102.9699287,999,-1,1,-1,true,1,-1
187,1,48.0136559,-102.9699287,999,-1,1,-1,true,1,-1
188,1,48.0136559,-102.9696875,999,-1,1,-1,true,1,-1
188,1,48.0136559,-102.9696875,999,-1,1,-1,true,1,-1
189,1,48.0136559,-102.9694462,999,-1,1,-1,true,1,-1
189,1,48.0136559,-102.9694462,999,-1,1,-1,true,1,-1
190,1,48.0136559,-102.9692049,999,-1,1,-1,true,1,-1
190,1,48.0136559,-102.9692049,999,-1,1,-1,true,1,-1
191,1,48.0136559,-102.9689637,999,-1,1,-1,true,1,-1
191,1,48.0136559,-102.9689637,999,-1,1,-1,true,1,-1
192,1,48.0136559,-102.9687224,999,-1,1,-1,true,1,-1
192,1,48.0136559,-102.9687224,999,-1,1,-1,true,1,-1
193,1,48.0136559,-102.9684811,999,-1,1,-1,true,1,-1
193,1,48.0136559,-102.9684811,999,-1,1,-1,true,1,-1
194,1,48.0136559,-102.9682398,999,-1,1,-1,true,1,-1
194,1,48.0136559,-102.9682398,999,-1,1,-1,true,1,-1
195,1,48.0136559,-102.9679986,999,-1,1,-1,true,1,-1
195,1,48.0136559,-102.9679986,999,-1,1,-1,true,1,-1
196,1,48.0136559,-102.9677573,999,-1,1,-1,true,1,-1
196,1,48.0136559,-102.9677573,999,-1,1,-1,true,1,-1
197,1,48.0136559,-102.967516,999,-1,1,-1,true,1,-1
197,1,48.0136559,-102.967516,999,-1,1,-1,true,1,-1
198,1,48.0136559,-102.9672748,999,-1,1,-1,true,1,-1
198,1,48.0136559,-102.9672748,999,-1,1,-1,true,1,-1
199,1,48.0136559,-102.9670335,999,-1,1,-1,true,1,-1
199,1,48.0136559,-102.9670335,999,-1,1,-1,true,1,-1
200,1,48.0136559,-102.9667922,999,-1,1,-1,true,1,-1
200,1,48.0136559,-102.9667922,999,-1,1,-1,true,1,-1
201,1,48.0136559,-102.966551,999,-1,1,-1,true,1,-1
201,1,48.0136559,-102.966551,999,-1,1,-1,true,1,-1
202,1,48.0136559,-102.9663097,999,-1,1,-1,true,1,-1
202,1,48.0136559,-102.9663097,999,-1,1,-1,true,1,-1
203,1,48.0136559,-102.9660684,999,-1,1,-1,true,1,-1
203,1,48.0136559,-102.9660684,999,-1,1,-1,true,1,-1
204,1,48.0136559,-102.9658272,999,-1,1,-1,true,1,-1
204,1,48.0136559,-102.9658272,999,-1,1,-1,true,1,-1
205,1,48.0136559,-102.9655859,999,-1,1,-1,true,1,-1
205,1,48.0136559,-102.9655859,999,-1,1,-1,true,1,-1
206,1,48.0136559,-102.9653446,999,-1,1,-1,true,1,-1
206,1,48.0136559,-102.9653446,999,-1,1,-1,true,1,-1
207,1,48.0136559,-102.9651034,999,-1,1,-1,true,1,-1
207,1,48.0136559,-102.9651034,999,-1,1,-1,true,1,-1
208,1,48.0136559,-102.9648621,999,-1,1,-1,true,1,-1
208,1,48.0136559,-102.9648621,999,-1,1,-1,true,1,-1
209,1,48.0136559,-102.9646208,999,-1,1,-1,true,1,-1
209,1,48.0136559,-102.9646208,999,-1,1,-1,true,1,-1
210,1,48.0136559,-102.9643796,999,-1,1,-1,true,1,-1
210,1,48.0136559,-102.9643796,999,-1,1,-1,true,1,-1
211,1,48.0136559,-102.9641383,999,-1,1,-1,true,1,-1
211,1,48.0136559,-102.9641383,999,-1,1,-1,true,1,-1
212,1,48.0136559,-102.963897,999,-1,1,-1,true,1,-1
212,1,48.0136559,-102.963897,999,-1,1,-1,true,1,-1
213,1,48.0136559,-102.9636557,999,-1,1,-1,true,1,-1
213,1,48.0136559,-102.9636557,999,-1,1,-1,true,1,-1
214,1,48.0136559,-102.9634145,999,-1,1,-1,true,1,-1
214,1,48.0136559,-102.9634145,999,-1,1,-1,true,1,-1
215,1,48.0136559,-102.9631732,999,-1,1,-1,true,1,-1
215,1,48.0136559,-102.9631732,999,-1,1,-1,true,1,-1
216,1,48.0136559,-102.9629319,999,-1,1,-1,true,1,-1
216,1,48.0136559,-102.9629319,999,-1,1,-1,true,1,-1
217,1,48.0136559,-102.9626907,999,-1,1,-1,true,1,-1
217,1,48.0136559,-102.9626907,999,-1,1,-1,true,1,-1
218,1,48.0136559,-102.9624494,999,-1,1,-1,true,1,-1
218,1,48.0136559,-102.9624494,999,-1,1,-1,true,1,-1
219,1,48.0136559,-102.9622081,999,-1,1,-1,true,1,-1
219,1,48.0136559,-102.9622081,999,-1,1,-1,true,1,-1
220,1,48.0136559,-102.9619669,999,-1,1,-1,true,1,-1
220,1,48.0136559,-102.9619669,999,-1,1,-1,true,1,-1
221,1,48.0136559,-102.9617256,999,-1,1,-1,true,1,-1
221,1,48.0136559,-102.9617256,999,-1,1,-1,true,1,-1
222,1,48.0136559,-102.9614843,999,-1,1,-1,true,1,-1
222,1,48.0136559,-102.9614843,999,-1,1,-1,true,1,-1
223,1,48.0136559,-102.9612431,999,-1,1,-1,true,1,-1
223,1,48.0136559,-102.9612431,999,-1,1,-1,true,1,-1
224,1,48.0136559,-102.9610018,999,-1,1,-1,true,1,-1
224,1,48.0136559,-102.9610018,999,-1,1,-1,true,1,-1
225,1,48.0136559,-102.9607605,999,-1,1,-1,true,1,-1
225,1,48.0136559,-102.9607605,999,-1,1,-1,true,1,-1
226,1,48.0136559,-102.9605193,999,-1,1,-1,true,1,-1
226,1,48.0136559,-102.9605193,999,-1,1,-1,true,1,-1
227,1,48.0136559,-102.960278,999,-1,1,-1,true,1,-1
227,1,48.0136559,-102.960278,999,-1,1,-1,true,1,-1
228,1,48.0136559,-102.9600367,999,-1,1,-1,true,1,-1
228,1,48.0136559,-102.9600367,999,-1,1,-1,true,1,-1
229,1,48.0136559,-102.9597954,999,-1,1,-1,true,1,-1
229,1,48.0136559,-102.9597954,999,-1,1,-1,true,1,-1
230,1,48.0136559,-102.9595542,999,-1,1,-1,true,1,-1
230,1,48.0136559,-102.9595542,999,-1,1,-1,true,1,-1
231,1,48.0136559,-102.9593129,999,-1,1,-1,true,1,-1
231,1,48.0136559,-102.9593129,999,-1,1,-1,true,1,-1
232,1,48.0136559,-102.9590716,999,-1,1,-1,true,1,-1
232,1,48.0136559,-102.9590716,999,-1,1,-1,true,1,-1
233,1,48.0136559,-102.9588304,999,-1,1,-1,true,1,-1
233,1,48.0136559,-102.9588304,999,-1,1,-1,true,1,-1
234,1,48.0136559,-102.9585891,999,-1,1,-1,true,1,-1
234,1,48.0136559,-102.9585891,999,-1,1,-1,true,1,-1
235,1,48.0136559,-102.9583478,999,-1,1,-1,true,1,-1
235,1,48.0136559,-102.9583478,999,-1,1,-1,true,1,-1
236,1,48.0136559,-102.9581066,999,-1,1,-1,true,1,-1
236,1,48.0136559,-102.9581066,999,-1,1,-1,true,1,-1
237,1,48.0136559,-102.9578653,999,-1,1,-1,true,1,-1
237,1,48.0136559,-102.9578653,999,-1,1,-1,true,1,-1
238,1,48.0136559,-102.957624,999,-1,1,-1,true,1,-1
238,1,48.0136559,-102.957624,999,-1,1,-1,true,1,-1
239,1,48.0136559,-102.9573828,999,-1,1,-1,true,1,-1
239,1,48.0136559,-102.9573828,999,-1,1,-1,true,1,-1
240,1,48.0136559,-102.9571415,999,-1,1,-1,true,1,-1
240,1,48.0136559,-102.9571415,999,-1,1,-1,true,1,-1
241,1,48.0136559,-102.9569002,999,-1,1,-1,true,1,-1
241,1,48.0136559,-102.9569002,999,-1,1,-1,true,1,-1
242,1,48.0136559,-102.956659,999,-1,1,-1,true,1,-1
242,1,48.0136559,-102.956659,999,-1,1,-1,true,1,-1
243,1,48.0136559,-102.9564177,999,-1,1,-1,true,1,-1
243,1,48.0136559,-102.9564177,999,-1,1,-1,true,1,-1
244,1,48.0136559,-102.9561764,999,-1,1,-1,true,1,-1
244,1,48.0136559,-102.9561764,999,-1,1,-1,true,1,-1
245,1,48.0136559,-102.9559352,999,-1,1,-1,true,1,-1
245,1,48.0136559,-102.9559352,999,-1,1,-1,true,1,-1
246,1,48.0136559,-102.9556939,999,-1,1,-1,true,1,-1
246,1,48.0136559,-102.9556939,999,-1,1,-1,true,1,-1
247,1,48.0136559,-102.9554526,999,-1,1,-1,true,1,-1
247,1,48.0136559,-102.9554526,999,-1,1,-1,true,1,-1
248,1,48.0136559,-102.9552113,999,-1,1,-1,true,1,-1
248,1,48.0136559,-102.9552113,999,-1,1,-1,true,1,-1
249,1,48.0136559,-102.9549701,999,-1,1,-1,true,1,-1
249,1,48.0136559,-102.9549701,999,-1,1,-1,true,1,-1
250,1,48.0136559,-102.9547288,999,-1,1,-1,true,1,-1
250,1,48.0136559,-102.9547288,999,-1,1,-1,true,1,-1
251,1,48.0136559,-102.9544875,999,-1,1,-1,true,1,-1
251,1,48.0136559,-102.9544875,999,-1,1,-1,true,1,-1
252,1,48.0136559,-102.9542463,999,-1,1,-1,true,1,-1
252,1,48.0136559,-102.9542463,999,-1,1,-1,true,1,-1
253,1,48.0136559,-102.954005,999,-1,1,-1,true,1,-1
253,1,48.0136559,-102.954005,999,-1,1,-1,true,1,-1
254,1,48.0136559,-102.9537637,999,-1,1,-1,true,1,-1
254,1,48.0136559,-102.9537637,999,-1,1,-1,true,1,-1
255,1,48.0136559,-102.9535225,999,-1,1,-1,true,1,-1
255,1,48.0136559,-102.9535225,999,-1,1,-1,true,1,-1
256,1,48.0136559,-102.9532812,999,-1,1,-1,true,1,-1
256,1,48.0136559,-102.9532812,999,-1,1,-1,true,1,-1
257,1,48.0136559,-102.9530399,999,-1,1,-1,true,1,-1
257,1,48.0136559,-102.9530399,999,-1,1,-1,true,1,-1
258,1,48.0136559,-102.9527987,999,-1,1,-1,true,1,-1
258,1,48.0136559,-102.9527987,999,-1,1,-1,true,1,-1
259,1,48.0136559,-102.9525574,999,-1,1,-1,true,1,-1
259,1,48.0136559,-102.9525574,999,-1,1,-1,true,1,-1
260,1,48.0136559,-102.9523161,999,-1,1,-1,true,1,-1
260,1,48.0136559,-102.9523161,999,-1,1,-1,true,1,-1
261,1,48.0136559,-102.9520749,999,-1,1,-1,true,1,-1
261,1,48.0136559,-102.9520749,999,-1,1,-1,true,1,-1
262,1,48.0136559,-102.9518336,999,-1,1,-1,true,1,-1
262,1,48.0136559,-102.9518336,999,-1,1,-1,true,1,-1
263,1,48.0136559,-102.9515923,999,-1,1,-1,true,1,-1
263,1,48.0136559,-102.9515923,999,-1,1,-1,true,1,-1
264,1,48.0136559,-102.951351,999,-1,1,-1,true,1,-1
264,1,48.0136559,-102.951351,999,-1,1,-1,true,1,-1
265,1,48.0136559,-102.9511098,999,-1,1,-1,true,1,-1
265,1,48.0136559,-102.9511098,999,-1,1,-1,true,1,-1
266,1,48.0136559,-102.9508685,999,-1,1,-1,true,1,-1
266,1,48.0136559,-102.9508685,999,-1,1,-1,true,1,-1
267,1,48.0136559,-102.9506272,999,-1,1,-1,true,1,-1
267,1,48.0136559,-102.9506272,999,-1,1,-1,true,1,-1
268,1,48.0136559,-102.950386,999,-1,1,-1,true,1,-1
268,1,48.0136559,-102.950386,999,-1,1,-1,true,1,-1
269,1,48.0136559,-102.9501447,999,-1,1,-1,true,1,-1
269,1,48.0136559,-102.9501447,999,-1,1,-1,true,1,-1
270,1,48.0136559,-102.9499034,999,-1,1,-1,true,1,-1
270,1,48.0136559,-102.9499034,999,-1,1,-1,true,1,-1
271,1,48.0136559,-102.9496622,999,-1,1,-1,true,1,-1
271,1,48.0136559,-102.9496622,999,-1,1,-1,true,1,-1
272,1,48.0136559,-102.9494209,999,-1,1,-1,true,1,-1
272,1,48.0136559,-102.9494209,999,-1,1,-1,true,1,-1
273,1,48.0136559,-102.9491796,999,-1,1,-1,true,1,-1
273,1,48.0136559,-102.9491796,999,-1,1,-1,true,1,-1
274,1,48.0136559,-102.9489384,999,-1,1,-1,true,1,-1
274,1,48.0136559,-102.9489384,999,-1,1,-1,true,1,-1
275,1,48.0136559,-102.9486971,999,-1,1,-1,true,1,-1
275,1,48.0136559,-102.9486971,999,-1,1,-1,true,1,-1
276,1,48.0136559,-102.9484558,999,-1,1,-1,true,1,-1
276,1,48.0136559,-102.9484558,999,-1,1,-1,true,1,-1
277,1,48.0136559,-102.9482146,999,-1,1,-1,true,1,-1
277,1,48.0136559,-102.9482146,999,-1,1,-1,true,1,-1
278,1,48.0136559,-102.9479733,999,-1,1,-1,true,1,-1
278,1,48.0136559,-102.9479733,999,-1,1,-1,true,1,-1
279,1,48.0136559,-102.947732,999,-1,1,-1,true,1,-1
279,1,48.0136559,-102.947732,999,-1,1,-1,true,1,-1
280,1,48.0136559,-102.9474908,999,-1,1,-1,true,1,-1
280,1,48.0136559,-102.9474908,999,-1,1,-1,true,1,-1
281,1,48.0136559,-102.9472495,999,-1,1,-1,true,1,-1
281,1,48.0136559,-102.9472495,999,-1,1,-1,true,1,-1
282,1,48.0136559,-102.9470082,999,-1,1,-1,true,1,-1
282,1,48.0136559,-102.9470082,999,-1,1,-1,true,1,-1
283,1,48.0136559,-102.9467669,999,-1,1,-1,true,1,-1
283,1,48.0136559,-102.9467669,999,-1,1,-1,true,1,-1
284,1,48.0136559,-102.9465257,999,-1,1,-1,true,1,-1
284,1,48.0136559,-102.9465257,999,-1,1,-1,true,1,-1
285,1,48.0136559,-102.9462844,999,-1,1,-1,true,1,-1
285,1,48.0136559,-102.9462844,999,-1,1,-1,true,1,-1
286,1,48.0136559,-102.9460431,999,-1,1,-1,true,1,-1
286,1,48.0136559,-102.9460431,999,-1,1,-1,true,1,-1
287,1,48.0136559,-102.9458019,999,-1,1,-1,true,1,-1
287,1,48.0136559,-102.9458019,999,-1,1,-1,true,1,-1
288,1,48.0136559,-102.9455606,999,-1,1,-1,true,1,-1
288,1,48.0136559,-102.9455606,999,-1,1,-1,true,1,-1
289,1,48.0136559,-102.9453193,999,-1,1,-1,true,1,-1
289,1,48.0136559,-102.9453193,999,-1,1,-1,true,1,-1
290,1,48.0136559,-102.9450781,999,-1,1,-1,true,1,-1
290,1,48.0136559,-102.9450781,999,-1,1,-1,true,1,-1
291,1,48.0136559,-102.9448368,999,-1,1,-1,true,1,-1
291,1,48.0136559,-102.9448368,999,-1,1,-1,true,1,-1
292,1,48.0136559,-102.9445955,999,-1,1,-1,true,1,-1
292,1,48.0136559,-102.9445955,999,-1,1,-1,true,1,-1
293,1,48.0136559,-102.9443543,999,-1,1,-1,true,1,-1
293,1,48.0136559,-102.9443543,999,-1,1,-1,true,1,-1
294,1,48.0136559,-102.944113,999,-1,1,-1,true,1,-1
294,1,48.0136559,-102.944113,999,-1,1,-1,true,1,-1
295,1,48.0136559,-102.9438717,999,-1,1,-1,true,1,-1
295,1,48.0136559,-102.9438717,999,-1,1,-1,true,1,-1
296,1,48.0136559,-102.9436305,999,-1,1,-1,true,1,-1
296,1,48.0136559,-102.9436305,999,-1,1,-1,true,1,-1
297,1,48.0136559,-102.9433892,999,-1,1,-1,true,1,-1
297,1,48.0136559,-102.9433892,999,-1,1,-1,true,1,-1
298,1,48.0136559,-102.9431479,999,-1,1,-1,true,1,-1
298,1,48.0136559,-102.9431479,999,-1,1,-1,true,1,-1
299,1,48.0136559,-102.9429066,999,-1,1,-1,true,1,-1
299,1,48.0136559,-102.9429066,999,-1,1,-1,true,1,-1
300,1,48.0136559,-102.9426654,999,-1,1,-1,true,1,-1
300,1,48.0136559,-102.9426654,999,-1,1,-1,true,1,-1
301,1,48.0136559,-102.9424241,999,-1,1,-1,true,1,-1
301,1,48.0136559,-102.9424241,999,-1,1,-1,true,1,-1
302,1,48.0136559,-102.9421828,999,-1,1,-1,true,1,-1
302,1,48.0136559,-102.9421828,999,-1,1,-1,true,1,-1
303,1,48.0136559,-102.9419416,999,-1,1,-1,true,1,-1
303,1,48.0136559,-102.9419416,999,-1,1,-1,true,1,-1
304,1,48.0136559,-102.9417003,999,-1,1,-1,true,1,-1
304,1,48.0136559,-102.9417003,999,-1,1,-1,true,1,-1
305,1,48.0136559,-102.941459,999,-1,1,-1,true,1,-1
305,1,48.0136559,-102.941459,999,-1,1,-1,true,1,-1
306,1,48.0136559,-102.9412178,999,-1,1,-1,true,1,-1
306,1,48.0136559,-102.9412178,999,-1,1,-1,true,1,-1
307,1,48.0136559,-102.9409765,999,-1,1,-1,true,1,-1
307,1,48.0136559,-102.9409765,999,-1,1,-1,true,1,-1
308,1,48.0136559,-102.9407352,999,-1,1,-1,true,1,-1
308,1,48.0136559,-102.9407352,999,-1,1,-1,true,1,-1
309,1,48.0136559,-102.940494,999,-1,1,-1,true,1,-1
309,1,48.0136559,-102.940494,999,-1,1,-1,true,1,-1
310,1,48.0136559,-102.9402527,999,-1,1,-1,true,1,-1
310,1,48.0136559,-102.9402527,999,-1,1,-1,true,1,-1
311,1,48.0136559,-102.9400114,999,-1,1,-1,true,1,-1
311,1,48.0136559,-102.9400114,999,-1,1,-1,true,1,-1
312,1,48.0136559,-102.9397702,999,-1,1,-1,true,1,-1
312,1,48.0136559,-102.9397702,999,-1,1,-1,true,1,-1
313,1,48.0136559,-102.9395289,999,-1,1,-1,true,1,-1
313,1,48.0136559,-102.9395289,999,-1,1,-1,true,1,-1
314,1,48.0136559,-102.9392876,999,-1,1,-1,true,1,-1
314,1,48.0136559,-102.9392876,999,-1,1,-1,true,1,-1
315,1,48.0136559,-102.9390464,999,-1,1,-1,true,1,-1
315,1,48.0136559,-102.9390464,999,-1,1,-1,true,1,-1
316,1,48.0136559,-102.9388051,999,-1,1,-1,true,1,-1
316,1,48.0136559,-102.9388051,999,-1,1,-1,true,1,-1
317,1,48.0136559,-102.9385638,999,-1,1,-1,true,1,-1
317,1,48.0136559,-102.9385638,999,-1,1,-1,true,1,-1
318,1,48.0136559,-102.9383225,999,-1,1,-1,true,1,-1
318,1,48.0136559,-102.9383225,999,-1,1,-1,true,1,-1
319,1,48.0136559,-102.9380813,999,-1,1,-1,true,1,-1
319,1,48.0136559,-102.9380813,999,-1,1,-1,true,1,-1
320,1,48.0136559,-102.93784,999,-1,1,-1,true,1,-1
320,1,48.0136559,-102.93784,999,-1,1,-1,true,1,-1
321,1,48.0136559,-102.9375987,999,-1,1,-1,true,1,-1
321,1,48.0136559,-102.9375987,999,-1,1,-1,true,1,-1
322,1,48.0136559,-102.9373575,999,-1,1,-1,true,1,-1
322,1,48.0136559,-102.9373575,999,-1,1,-1,true,1,-1
323,1,48.0136559,-102.9371162,999,-1,1,-1,true,1,-1
323,1,48.0136559,-102.9371162,999,-1,1,-1,true,1,-1
324,1,48.0136559,-102.9368749,999,-1,1,-1,true,1,-1
324,1,48.0136559,-102.9368749,999,-1,1,-1,true,1,-1
325,1,48.0136559,-102.9366337,999,-1,1,-1,true,1,-1
325,1,48.0136559,-102.9366337,999,-1,1,-1,true,1,-1
326,1,48.0136559,-102.9363924,999,-1,1,-1,true,1,-1
326,1,48.0136559,-102.9363924,999,-1,1,-1,true,1,-1
327,1,48.0136559,-102.9361511,999,-1,1,-1,true,1,-1
327,1,48.0136559,-102.9361511,999,-1,1,-1,true,1,-1
328,1,48.0136559,-102.9359099,999,-1,1,-1,true,1,-1
328,1,48.0136559,-102.9359099,999,-1,1,-1,true,1,-1
329,1,48.0136559,-102.9356686,999,-1,1,-1,true,1,-1
329,1,48.0136559,-102.9356686,999,-1,1,-1,true,1,-1
330,1,48.0136559,-102.9354273,999,-1,1,-1,true,1,-1
330,1,48.0136559,-102.9354273,999,-1,1,-1,true,1,-1
331,1,48.0136559,-102.9351861,999,-1,1,-1,true,1,-1
331,1,48.0136559,-102.9351861,999,-1,1,-1,true,1,-1
332,1,48.0136559,-102.9349448,999,-1,1,-1,true,1,-1
332,1,48.0136559,-102.9349448,999,-1,1,-1,true,1,-1
333,1,48.0136559,-102.9347035,999,-1,1,-1,true,1,-1
333,1,48.0136559,-102.9347035,999,-1,1,-1,true,1,-1
334,1,48.0136559,-102.9344622,999,-1,1,-1,true,1,-1
334,1,48.0136559,-102.9344622,999,-1,1,-1,true,1,-1
335,1,48.0136559,-102.934221,999,-1,1,-1,true,1,-1
335,1,48.0136559,-102.934221,999,-1,1,-1,true,1,-1
336,1,48.0136559,-102.9339797,999,-1,1,-1,true,1,-1
336,1,48.0136559,-102.9339797,999,-1,1,-1,true,1,-1
337,1,48.0136559,-102.9337384,999,-1,1,-1,true,1,-1
337,1,48.0136559,-102.9337384,999,-1,1,-1,true,1,-1
338,1,48.0136559,-102.9334972,999,-1,1,-1,true,1,-1
338,1,48.0136559,-102.9334972,999,-1,1,-1,true,1,-1
339,1,48.0136559,-102.9332559,999,-1,1,-1,true,1,-1
339,1,48.0136559,-102.9332559,999,-1,1,-1,true,1,-1
340,1,48.0136559,-102.9330146,999,-1,1,-1,true,1,-1
340,1,48.0136559,-102.9330146,999,-1,1,-1,true,1,-1
341,1,48.0136559,-102.9327734,999,-1,1,-1,true,1,-1
341,1,48.0136559,-102.9327734,999,-1,1,-1,true,1,-1
342,1,48.0136559,-102.9325321,999,-1,1,-1,true,1,-1
342,1,48.0136559,-102.9325321,999,-1,1,-1,true,1,-1
343,1,48.0136559,-102.9322908,999,-1,1,-1,true,1,-1
343,1,48.0136559,-102.9322908,999,-1,1,-1,true,1,-1
344,1,48.0136559,-102.9320496,999,-1,1,-1,true,1,-1
344,1,48.0136559,-102.9320496,999,-1,1,-1,true,1,-1
345,1,48.0136559,-102.9318083,999,-1,1,-1,true,1,-1
345,1,48.0136559,-102.9318083,999,-1,1,-1,true,1,-1
346,1,48.0136559,-102.931567,999,-1,1,-1,true,1,-1
346,1,48.0136559,-102.931567,999,-1,1,-1,true,1,-1
347,1,48.0136559,-102.9313258,999,-1,1,-1,true,1,-1
347,1,48.0136559,-102.9313258,999,-1,1,-1,true,1,-1
348,1,48.0136559,-102.9310845,999,-1,1,-1,true,1,-1
348,1,48.0136559,-102.9310845,999,-1,1,-1,true,1,-1
349,1,48.0136559,-102.9308432,999,-1,1,-1,true,1,-1
349,1,48.0136559,-102.9308432,999,-1,1,-1,true,1,-1
350,1,48.0136559,-102.930602,999,-1,1,-1,true,1,-1
350,1,48.0136559,-102.930602,999,-1,1,-1,true,1,-1
351,1,48.0136559,-102.9303607,999,-1,1,-1,true,1,-1
351,1,48.0136559,-102.9303607,999,-1,1,-1,true,1,-1
352,1,48.0136559,-102.9301194,999,-1,1,-1,true,1,-1
352,1,48.0136559,-102.9301194,999,-1,1,-1,true,1,-1
353,1,48.0136559,-102.9298781,999,-1,1,-1,true,1,-1
353,1,48.0136559,-102.9298781,999,-1,1,-1,true,1,-1
354,1,48.0136559,-102.9296369,999,-1,1,-1,true,1,-1
354,1,48.0136559,-102.9296369,999,-1,1,-1,true,1,-1
355,1,48.0136559,-102.9293956,999,-1,1,-1,true,1,-1
355,1,48.0136559,-102.9293956,999,-1,1,-1,true,1,-1
356,1,48.0136559,-102.9291543,999,-1,1,-1,true,1,-1
356,1,48.0136559,-102.9291543,999,-1,1,-1,true,1,-1
357,1,48.0136559,-102.9289131,999,-1,1,-1,true,1,-1
357,1,48.0136559,-102.9289131,999,-1,1,-1,true,1,-1
358,1,48.0136559,-102.9286718,999,-1,1,-1,true,1,-1
358,1,48.0136559,-102.9286718,999,-1,1,-1,true,1,-1
359,1,48.0136559,-102.9284305,999,-1,1,-1,true,1,-1
359,1,48.0136559,-102.9284305,999,-1,1,-1,true,1,-1
360,1,48.0136559,-102.9281893,999,-1,1,-1,true,1,-1
360,1,48.0136559,-102.9281893,999,-1,1,-1,true,1,-1
361,1,48.0136559,-102.927948,999,-1,1,-1,true,1,-1
361,1,48.0136559,-102.927948,999,-1,1,-1,true,1,-1
362,1,48.0136559,-102.9277067,999,-1,1,-1,true,1,-1
362,1,48.0136559,-102.9277067,999,-1,1,-1,true,1,-1
363,1,48.0136559,-102.9274655,999,-1,1,-1,true,1,-1
363,1,48.0136559,-102.9274655,999,-1,1,-1,true,1,-1
364,1,48.0136559,-102.9272242,999,-1,1,-1,true,1,-1
364,1,48.0136559,-102.9272242,999,-1,1,-1,true,1,-1
365,1,48.0136559,-102.9269829,999,-1,1,-1,true,1,-1
365,1,48.0136559,-102.9269829,999,-1,1,-1,true,1,-1
366,1,48.0136559,-102.9267417,999,-1,1,-1,true,1,-1
366,1,48.0136559,-102.9267417,999,-1,1,-1,true,1,-1
367,1,48.0136559,-102.9265004,999,-1,1,-1,true,1,-1
367,1,48.0136559,-102.9265004,999,-1,1,-1,true,1,-1
368,1,48.0136559,-102.9262591,999,-1,1,-1,true,1,-1
368,1,48.0136559,-102.9262591,999,-1,1,-1,true,1,-1
369,1,48.0136559,-102.9260178,999,-1,1,-1,true,1,-1
369,1,48.0136559,-102.9260178,999,-1,1,-1,true,1,-1
370,1,48.0136559,-102.9257766,999,-1,1,-1,true,1,-1
370,1,48.0136559,-102.9257766,999,-1,1,-1,true,1,-1
371,1,48.0136559,-102.9255353,999,-1,1,-1,true,1,-1
371,1,48.0136559,-102.9255353,999,-1,1,-1,true,1,-1
372,1,48.0136559,-102.925294,999,-1,1,-1,true,1,-1
372,1,48.0136559,-102.925294,999,-1,1,-1,true,1,-1
373,1,48.0136559,-102.9250528,999,-1,1,-1,true,1,-1
373,1,48.0136559,-102.9250528,999,-1,1,-1,true,1,-1
374,1,48.0136559,-102.9248115,999,-1,1,-1,true,1,-1
374,1,48.0136559,-102.9248115,999,-1,1,-1,true,1,-1
375,1,48.0136559,-102.9245702,999,-1,1,-1,true,1,-1
375,1,48.0136559,-102.9245702,999,-1,1,-1,true,1,-1
376,1,48.0136559,-102.924329,999,-1,1,-1,true,1,-1
376,1,48.0136559,-102.924329,999,-1,1,-1,true,1,-1
377,1,48.0136559,-102.9240877,999,-1,1,-1,true,1,-1
377,1,48.0136559,-102.9240877,999,-1,1,-1,true,1,-1
378,1,48.0136559,-102.9238464,999,-1,1,-1,true,1,-1
378,1,48.0136559,-102.9238464,999,-1,1,-1,true,1,-1
379,1,48.0136559,-102.9236052,999,-1,1,-1,true,1,-1
379,1,48.0136559,-102.9236052,999,-1,1,-1,true,1,-1
380,1,48.0136559,-102.9233639,999,-1,1,-1,true,1,-1
380,1,48.0136559,-102.9233639,999,-1,1,-1,true,1,-1
381,1,48.0136559,-102.9231226,999,-1,1,-1,true,1,-1
381,1,48.0136559,-102.9231226,999,-1,1,-1,true,1,-1
382,1,48.0136559,-102.9228814,999,-1,1,-1,true,1,-1
382,1,48.0136559,-102.9228814,999,-1,1,-1,true,1,-1
383,1,48.0136559,-102.9226401,999,-1,1,-1,true,1,-1
383,1,48.0136559,-102.9226401,999,-1,1,-1,true,1,-1
384,1,48.0136559,-102.9223988,999,-1,1,-1,true,1,-1
384,1,48.0136559,-102.9223988,999,-1,1,-1,true,1,-1
385,1,48.0136559,-102.9221576,999,-1,1,-1,true,1,-1
385,1,48.0136559,-102.9221576,999,-1,1,-1,true,1,-1
386,1,48.0136559,-102.9219163,999,-1,1,-1,true,1,-1
386,1,48.0136559,-102.9219163,999,-1,1,-1,true,1,-1
387,1,48.0136559,-102.921675,999,-1,1,-1,true,1,-1
387,1,48.0136559,-102.921675,999,-1,1,-1,true,1,-1
388,1,48.0136559,-102.9214337,999,-1,1,-1,true,1,-1
388,1,48.0136559,-102.9214337,999,-1,1,-1,true,1,-1
389,1,48.0136559,-102.9211925,999,-1,1,-1,true,1,-1
389,1,48.0136559,-102.9211925,999,-1,1,-1,true,1,-1
390,1,48.0136559,-102.9209512,999,-1,1,-1,true,1,-1
390,1,48.0136559,-102.9209512,999,-1,1,-1,true,1,-1
391,1,48.0136559,-102.9207099,999,-1,1,-1,true,1,-1
391,1,48.0136559,-102.9207099,999,-1,1,-1,true,1,-1
392,1,48.0136559,-102.9204687,999,-1,1,-1,true,1,-1
392,1,48.0136559,-102.9204687,999,-1,1,-1,true,1,-1
393,1,48.0136559,-102.9202274,999,-1,1,-1,true,1,-1
393,1,48.0136559,-102.9202274,999,-1,1,-1,true,1,-1
394,1,48.0136559,-102.9199861,999,-1,1,-1,true,1,-1
394,1,48.0136559,-102.9199861,999,-1,1,-1,true,1,-1
395,1,48.0136559,-102.9197449,999,-1,1,-1,true,1,-1
395,1,48.0136559,-102.9197449,999,-1,1,-1,true,1,-1
396,1,48.0136559,-102.9195036,999,-1,1,-1,true,1,-1
396,1,48.0136559,-102.9195036,999,-1,1,-1,true,1,-1
397,1,48.0136559,-102.9192623,999,-1,1,-1,true,1,-1
397,1,48.0136559,-102.9192623,999,-1,1,-1,true,1,-1
398,1,48.0136559,-102.9190211,999,-1,1,-1,true,1,-1
398,1,48.0136559,-102.9190211,999,-1,1,-1,true,1,-1
399,1,48.0136559,-102.9187798,999,-1,1,-1,true,1,-1
399,1,48.0136559,-102.9187798,999,-1,1,-1,true,1,-1
400,1,48.0136559,-102.9185385,999,-1,1,-1,true,1,-1
400,1,48.0136559,-102.9185385,999,-1,1,-1,true,1,-1
401,1,48.0136559,-102.9182973,999,-1,1,-1,true,1,-1
401,1,48.0136559,-102.9182973,999,-1,1,-1,true,1,-1
402,1,48.0136559,-102.918056,999,-1,1,-1,true,1,-1
402,1,48.0136559,-102.918056,999,-1,1,-1,true,1,-1
403,1,48.0136559,-102.9178147,999,-1,1,-1,true,1,-1
403,1,48.0136559,-102.9178147,999,-1,1,-1,true,1,-1
404,1,48.0136559,-102.9175734,999,-1,1,-1,true,1,-1
404,1,48.0136559,-102.9175734,999,-1,1,-1,true,1,-1
405,1,48.0136559,-102.9173322,999,-1,1,-1,true,1,-1
405,1,48.0136559,-102.9173322,999,-1,1,-1,true,1,-1
406,1,48.0136559,-102.9170909,999,-1,1,-1,true,1,-1
406,1,48.0136559,-102.9170909,999,-1,1,-1,true,1,-1
407,1,48.0136559,-102.9168496,999,-1,1,-1,true,1,-1
407,1,48.0136559,-102.9168496,999,-1,1,-1,true,1,-1
408,1,48.0136559,-102.9166084,999,-1,1,-1,true,1,-1
408,1,48.0136559,-102.9166084,999,-1,1,-1,true,1,-1
409,1,48.0136559,-102.9163671,999,-1,1,-1,true,1,-1
409,1,48.0136559,-102.9163671,999,-1,1,-1,true,1,-1
410,1,48.0136559,-102.9161258,999,-1,1,-1,true,1,-1
410,1,48.0136559,-102.9161258,999,-1,1,-1,true,1,-1
411,1,48.0136559,-102.9158846,999,-1,1,-1,true,1,-1
411,1,48.0136559,-102.9158846,999,-1,1,-1,true,1,-1
412,1,48.0136559,-102.9156433,999,-1,1,-1,true,1,-1
412,1,48.0136559,-102.9156433,999,-1,1,-1,true,1,-1
413,1,48.0136559,-102.915402,999,-1,1,-1,true,1,-1
413,1,48.0136559,-102.915402,999,-1,1,-1,true,1,-1
414,1,48.0136559,-102.9151608,999,-1,1,-1,true,1,-1
414,1,48.0136559,-102.9151608,999,-1,1,-1,true,1,-1
415,1,48.0136559,-102.9149195,999,-1,1,-1,true,1,-1
415,1,48.0136559,-102.9149195,999,-1,1,-1,true,1,-1
416,1,48.0136559,-102.9146782,999,-1,1,-1,true,1,-1
416,1,48.0136559,-102.9146782,999,-1,1,-1,true,1,-1
417,1,48.0136559,-102.914437,999,-1,1,-1,true,1,-1
417,1,48.0136559,-102.914437,999,-1,1,-1,true,1,-1
418,1,48.0136559,-102.9141957,999,-1,1,-1,true,1,-1
418,1,48.0136559,-102.9141957,999,-1,1,-1,true,1,-1
419,1,48.0136559,-102.9139544,999,-1,1,-1,true,1,-1
419,1,48.0136559,-102.9139544,999,-1,1,-1,true,1,-1
420,1,48.0136559,-102.9137132,999,-1,1,-1,true,1,-1
420,1,48.0136559,-102.9137132,999,-1,1,-1,true,1,-1
421,1,48.0136559,-102.9134719,999,-1,1,-1,true,1,-1
421,1,48.0136559,-102.9134719,999,-1,1,-1,true,1,-1
422,1,48.0136559,-102.9132306,999,-1,1,-1,true,1,-1
422,1,48.0136559,-102.9132306,999,-1,1,-1,true,1,-1
423,1,48.0136559,-102.9129893,999,-1,1,-1,true,1,-1
423,1,48.0136559,-102.9129893,999,-1,1,-1,true,1,-1
424,1,48.0136559,-102.9127481,999,-1,1,-1,true,1,-1
424,1,48.0136559,-102.9127481,999,-1,1,-1,true,1,-1
425,1,48.0136559,-102.9125068,999,-1,1,-1,true,1,-1
425,1,48.0136559,-102.9125068,999,-1,1,-1,true,1,-1
426,1,48.0136559,-102.9122655,999,-1,1,-1,true,1,-1
426,1,48.0136559,-102.9122655,999,-1,1,-1,true,1,-1
427,1,48.0136559,-102.9120243,999,-1,1,-1,true,1,-1
427,1,48.0136559,-102.9120243,999,-1,1,-1,true,1,-1
428,1,48.0136559,-102.911783,999,-1,1,-1,true,1,-1
428,1,48.0136559,-102.911783,999,-1,1,-1,true,1,-1
429,1,48.0136559,-102.9115417,999,-1,1,-1,true,1,-1
429,1,48.0136559,-102.9115417,999,-1,1,-1,true,1,-1
430,1,48.0136559,-102.9113005,999,-1,1,-1,true,1,-1
430,1,48.0136559,-102.9113005,999,-1,1,-1,true,1,-1
431,1,48.0136559,-102.9110592,999,-1,1,-1,true,1,-1
431,1,48.0136559,-102.9110592,999,-1,1,-1,true,1,-1
432,1,48.0136559,-102.9108179,999,-1,1,-1,true,1,-1
432,1,48.0136559,-102.9108179,999,-1,1,-1,true,1,-1
433,1,48.0136559,-102.9105767,999,-1,1,-1,true,1,-1
433,1,48.0136559,-102.9105767,999,-1,1,-1,true,1,-1
434,1,48.0136559,-102.9103354,999,-1,1,-1,true,1,-1
434,1,48.0136559,-102.9103354,999,-1,1,-1,true,1,-1
435,1,48.0136559,-102.9100941,999,-1,1,-1,true,1,-1
435,1,48.0136559,-102.9100941,999,-1,1,-1,true,1,-1
436,1,48.0136559,-102.9098529,999,-1,1,-1,true,1,-1
436,1,48.0136559,-102.9098529,999,-1,1,-1,true,1,-1
437,1,48.0136559,-102.9096116,999,-1,1,-1,true,1,-1
437,1,48.0136559,-102.9096116,999,-1,1,-1,true,1,-1
438,1,48.0136559,-102.9093703,999,-1,1,-1,true,1,-1
438,1,48.0136559,-102.9093703,999,-1,1,-1,true,1,-1
439,1,48.0136559,-102.9091291,999,-1,1,-1,true,1,-1
439,1,48.0136559,-102.9091291,999,-1,1,-1,true,1,-1
440,1,48.0136559,-102.9088878,999,-1,1,-1,true,1,-1
440,1,48.0136559,-102.9088878,999,-1,1,-1,true,1,-1
441,1,48.0136559,-102.9086465,999,-1,1,-1,true,1,-1
441,1,48.0136559,-102.9086465,999,-1,1,-1,true,1,-1
442,1,48.0136559,-102.9084052,999,-1,1,-1,true,1,-1
442,1,48.0136559,-102.9084052,999,-1,1,-1,true,1,-1
443,1,48.0136559,-102.908164,999,-1,1,-1,true,1,-1
443,1,48.0136559,-102.908164,999,-1,1,-1,true,1,-1
444,1,48.0136559,-102.9079227,999,-1,1,-1,true,1,-1
444,1,48.0136559,-102.9079227,999,-1,1,-1,true,1,-1
445,1,48.0136559,-102.9076814,999,-1,1,-1,true,1,-1
445,1,48.0136559,-102.9076814,999,-1,1,-1,true,1,-1
446,1,48.0136559,-102.9074402,999,-1,1,-1,true,1,-1
446,1,48.0136559,-102.9074402,999,-1,1,-1,true,1,-1
447,1,48.0136559,-102.9071989,999,-1,1,-1,true,1,-1
447,1,48.0136559,-102.9071989,999,-1,1,-1,true,1,-1
448,1,48.0136559,-102.9069576,999,-1,1,-1,true,1,-1
448,1,48.0136559,-102.9069576,999,-1,1,-1,true,1,-1
449,1,48.0136559,-102.9067164,999,-1,1,-1,true,1,-1
449,1,48.0136559,-102.9067164,999,-1,1,-1,true,1,-1
450,1,48.0136559,-102.9064751,999,-1,1,-1,true,1,-1
450,1,48.0136559,-102.9064751,999,-1,1,-1,true,1,-1
451,1,48.0136559,-102.9062338,999,-1,1,-1,true,1,-1
451,1,48.0136559,-102.9062338,999,-1,1,-1,true,1,-1
452,1,48.0136559,-102.9059926,999,-1,1,-1,true,1,-1
452,1,48.0136559,-102.9059926,999,-1,1,-1,true,1,-1
453,1,48.0136559,-102.9057513,999,-1,1,-1,true,1,-1
453,1,48.0136559,-102.9057513,999,-1,1,-1,true,1,-1
454,1,48.0136559,-102.90551,999,-1,1,-1,true,1,-1
454,1,48.0136559,-102.90551,999,-1,1,-1,true,1,-1
455,1,48.0136559,-102.9052688,999,-1,1,-1,true,1,-1
455,1,48.0136559,-102.9052688,999,-1,1,-1,true,1,-1
456,1,48.0136559,-102.9050275,999,-1,1,-1,true,1,-1
456,1,48.0136559,-102.9050275,999,-1,1,-1,true,1,-1
457,1,48.0136559,-102.9047862,999,-1,1,-1,true,1,-1
457,1,48.0136559,-102.9047862,999,-1,1,-1,true,1,-1
458,1,48.0136559,-102.9045449,999,-1,1,-1,true,1,-1
458,1,48.0136559,-102.9045449,999,-1,1,-1,true,1,-1
459,1,48.0136559,-102.9043037,999,-1,1,-1,true,1,-1
459,1,48.0136559,-102.9043037,999,-1,1,-1,true,1,-1
460,1,48.0136559,-102.9040624,999,-1,1,-1,true,1,-1
460,1,48.0136559,-102.9040624,999,-1,1,-1,true,1,-1
461,1,48.0136559,-102.9038211,999,-1,1,-1,true,1,-1
461,1,48.0136559,-102.9038211,999,-1,1,-1,true,1,-1
462,1,48.0136559,-102.9035799,999,-1,1,-1,true,1,-1
462,1,48.0136559,-102.9035799,999,-1,1,-1,true,1,-1
463,1,48.0136559,-102.9033386,999,-1,1,-1,true,1,-1
463,1,48.0136559,-102.9033386,999,-1,1,-1,true,1,-1
464,1,48.0136559,-102.9030973,999,-1,1,-1,true,1,-1
464,1,48.0136559,-102.9030973,999,-1,1,-1,true,1,-1
465,1,48.0136559,-102.9028561,999,-1,1,-1,true,1,-1
465,1,48.0136559,-102.9028561,999,-1,1,-1,true,1,-1
466,1,48.0136559,-102.9026148,999,-1,1,-1,true,1,-1
466,1,48.0136559,-102.9026148,999,-1,1,-1,true,1,-1
467,1,48.0136559,-102.9023735,999,-1,1,-1,true,1,-1
467,1,48.0136559,-102.9023735,999,-1,1,-1,true,1,-1
468,1,48.0136559,-102.9021323,999,-1,1,-1,true,1,-1
468,1,48.0136559,-102.9021323,999,-1,1,-1,true,1,-1
469,1,48.0136559,-102.901891,999,-1,1,-1,true,1,-1
469,1,48.0136559,-102.901891,999,-1,1,-1,true,1,-1
470,1,48.0136559,-102.9016497,999,-1,1,-1,true,1,-1
470,1,48.0136559,-102.9016497,999,-1,1,-1,true,1,-1
471,1,48.0136559,-102.9014085,999,-1,1,-1,true,1,-1
471,1,48.0136559,-102.9014085,999,-1,1,-1,true,1,-1
472,1,48.0136559,-102.9011672,999,-1,1,-1,true,1,-1
472,1,48.0136559,-102.9011672,999,-1,1,-1,true,1,-1
473,1,48.0136559,-102.9009259,999,-1,1,-1,true,1,-1
473,1,48.0136559,-102.9009259,999,-1,1,-1,true,1,-1
474,1,48.0136559,-102.9006847,999,-1,1,-1,true,1,-1
474,1,48.0136559,-102.9006847,999,-1,1,-1,true,1,-1
475,1,48.0136559,-102.9004434,999,-1,1,-1,true,1,-1
475,1,48.0136559,-102.9004434,999,-1,1,-1,true,1,-1
476,1,48.0136559,-102.9002021,999,-1,1,-1,true,1,-1
476,1,48.0136559,-102.9002021,999,-1,1,-1,true,1,-1
477,1,48.0136559,-102.8999608,999,-1,1,-1,true,1,-1
477,1,48.0136559,-102.8999608,999,-1,1,-1,true,1,-1
478,1,48.0136559,-102.8997196,999,-1,1,-1,true,1,-1
478,1,48.0136559,-102.8997196,999,-1,1,-1,true,1,-1
479,1,48.0136559,-102.8994783,999,-1,1,-1,true,1,-1
479,1,48.0136559,-102.8994783,999,-1,1,-1,true,1,-1
480,1,48.0136559,-102.899237,999,-1,1,-1,true,1,-1
480,1,48.0136559,-102.899237,999,-1,1,-1,true,1,-1
481,1,48.0136559,-102.8989958,999,-1,1,-1,true,1,-1
481,1,48.0136559,-102.8989958,999,-1,1,-1,true,1,-1
482,1,48.0136559,-102.8987545,999,-1,1,-1,true,1,-1
482,1,48.0136559,-102.8987545,999,-1,1,-1,true,1,-1
483,1,48.0136559,-102.8985132,999,-1,1,-1,true,1,-1
483,1,48.0136559,-102.8985132,999,-1,1,-1,true,1,-1
484,1,48.0136559,-102.898272,999,-1,1,-1,true,1,-1
484,1,48.0136559,-102.898272,999,-1,1,-1,true,1,-1
485,1,48.0136559,-102.8980307,999,-1,1,-1,true,1,-1
485,1,48.0136559,-102.8980307,999,-1,1,-1,true,1,-1
486,1,48.0136559,-102.8977894,999,-1,1,-1,true,1,-1
486,1,48.0136559,-102.8977894,999,-1,1,-1,true,1,-1
487,1,48.0136559,-102.8975482,999,-1,1,-1,true,1,-1
487,1,48.0136559,-102.8975482,999,-1,1,-1,true,1,-1
488,1,48.0136559,-102.8973069,999,-1,1,-1,true,1,-1
488,1,48.0136559,-102.8973069,999,-1,1,-1,true,1,-1
489,1,48.0136559,-102.8970656,999,-1,1,-1,true,1,-1
489,1,48.0136559,-102.8970656,999,-1,1,-1,true,1,-1
490,1,48.0136559,-102.8968244,999,-1,1,-1,true,1,-1
490,1,48.0136559,-102.8968244,999,-1,1,-1,true,1,-1
491,1,48.0136559,-102.8965831,999,-1,1,-1,true,1,-1
491,1,48.0136559,-102.8965831,999,-1,1,-1,true,1,-1
492,1,48.0136559,-102.8963418,999,-1,1,-1,true,1,-1
492,1,48.0136559,-102.8963418,999,-1,1,-1,true,1,-1
493,1,48.0136559,-102.8961005,999,-1,1,-1,true,1,-1
493,1,48.0136559,-102.8961005,999,-1,1,-1,true,1,-1
494,1,48.0136558,-102.8958593,999,-1,1,-1,true,1,-1
494,1,48.0136558,-102.8958593,999,-1,1,-1,true,1,-1
495,1,48.0136558,-102.895618,999,-1,1,-1,true,1,-1
495,1,48.0136558,-102.895618,999,-1,1,-1,true,1,-1
496,1,48.0136558,-102.8953767,999,-1,1,-1,true,1,-1
496,1,48.0136558,-102.8953767,999,-1,1,-1,true,1,-1
497,1,48.0136558,-102.8951355,999,-1,1,-1,true,1,-1
497,1,48.0136558,-102.8951355,999,-1,1,-1,true,1,-1
498,1,48.0136558,-102.8948942,999,-1,1,-1,true,1,-1
498,1,48.0136558,-102.8948942,999,-1,1,-1,true,1,-1
499,1,48.0136558,-102.8946529,999,-1,1,-1,true,1,-1
499,1,48.0136558,-102.8946529,999,-1,1,-1,true,1,-1
