Time_Step,UAV_ID,X_Distance,Y_Distance,Signal_strength,Current_Basestation,Finished,SINR,Unmanned,Level,Flag
1,1,31757.66404160481,8768.954255146698,999,-1,1,2,true,1,-1
1,1,31757.66404160481,8768.954255146698,999,-1,1,2,true,1,-1
2,1,31757.66404160481,8750.954255147157,999,-1,1,4,true,1,-1
2,1,31757.66404160481,8750.954255147157,999,-1,1,4,true,1,-1
3,1,31757.66404160481,8732.954255147037,999,-1,1,4,true,1,-1
3,1,31757.66404160481,8732.954255147037,999,-1,1,4,true,1,-1
4,1,31757.66404160481,8714.954255147966,999,-1,1,4,true,1,-1
4,1,31757.66404160481,8714.954255147966,999,-1,1,4,true,1,-1
5,1,31757.66404160481,8696.954255148032,999,-1,1,4,true,1,-1
5,1,31757.66404160481,8696.954255148032,999,-1,1,4,true,1,-1
6,1,31757.66404160481,8678.954255148861,999,-1,1,4,true,1,-1
6,1,31757.66404160481,8678.954255148861,999,-1,1,4,true,1,-1
7,1,31757.66404160481,8660.95425514925,999,-1,1,2,true,1,-1
7,1,31757.66404160481,8660.95425514925,999,-1,1,2,true,1,-1
8,1,31757.66404160481,8642.954255149409,999,-1,1,4,true,1,-1
8,1,31757.66404160481,8642.954255149409,999,-1,1,4,true,1,-1
9,1,31757.66404160481,8624.954255149192,999,-1,1,4,true,1,-1
9,1,31757.66404160481,8624.954255149192,999,-1,1,4,true,1,-1
10,1,31757.66404160481,8624.954255149192,999,-1,1,4,true,1,-1
11,1,31757.66404160481,8624.954255149192,999,-1,1,4,true,1,-1
12,1,31757.66404160481,8624.954255149192,999,-1,1,4,true,1,-1
13,1,31757.66404160481,8624.954255149192,999,-1,1,2,true,1,-1
14,1,31757.66404160481,8624.954255149192,999,-1,1,4,true,1,-1
15,1,31757.66404160481,8606.954255148801,999,-1,1,4,true,1,-1
15,1,31757.66404160481,8606.954255148801,999,-1,1,4,true,1,-1
16,1,31757.66404160481,8588.954255147406,999,-1,1,4,true,1,-1
16,1,31757.66404160481,8588.954255147406,999,-1,1,4,true,1,-1
17,1,31757.66404160481,8570.954255147317,999,-1,1,4,true,1,-1
17,1,31757.66404160481,8570.954255147317,999,-1,1,4,true,1,-1
18,1,31775.690784080904,8570.954226978063,999,-1,1,4,true,1,-1
18,1,31775.690784080904,8570.954226978063,999,-1,1,4,true,1,-1
19,1,31793.717526479377,8570.954198808808,999,-1,1,2,true,1,-1
19,1,31793.717526479377,8570.954198808808,999,-1,1,2,true,1,-1
20,1,31811.744268800157,8570.954170639201,999,-1,1,4,true,1,-1
20,1,31811.744268800157,8570.954170639201,999,-1,1,4,true,1,-1
21,1,31829.77101104322,8570.954142468534,999,-1,1,4,true,1,-1
21,1,31829.77101104322,8570.954142468534,999,-1,1,4,true,1,-1
22,1,31847.79775320851,8570.954114298576,999,-1,1,4,true,1,-1
22,1,31847.79775320851,8570.954114298576,999,-1,1,4,true,1,-1
23,1,31865.824495295972,8570.954086128615,999,-1,1,4,true,1,-1
23,1,31865.824495295972,8570.954086128615,999,-1,1,4,true,1,-1
24,1,31883.851237304527,8570.95405795901,999,-1,1,4,true,1,-1
24,1,31883.851237304527,8570.95405795901,999,-1,1,4,true,1,-1
25,1,31901.877979235185,8570.954029789757,999,-1,1,2,true,1,-1
25,1,31901.877979235185,8570.954029789757,999,-1,1,2,true,1,-1
26,1,31919.90472108787,8570.954001620148,999,-1,1,4,true,1,-1
26,1,31919.90472108787,8570.954001620148,999,-1,1,4,true,1,-1
27,1,31937.93146286261,8570.953973449834,999,-1,1,4,true,1,-1
27,1,31937.93146286261,8570.953973449834,999,-1,1,4,true,1,-1
28,1,31955.958204559272,8570.953945280226,999,-1,1,4,true,1,-1
28,1,31955.958204559272,8570.953945280226,999,-1,1,4,true,1,-1
29,1,31973.98494617789,8570.953917110624,999,-1,1,4,true,1,-1
29,1,31973.98494617789,8570.953917110624,999,-1,1,4,true,1,-1
30,1,31992.01168771836,8570.953888941018,999,-1,1,4,true,1,-1
30,1,31992.01168771836,8570.953888941018,999,-1,1,4,true,1,-1
31,1,32010.038429180666,8570.953860772115,999,-1,1,2,true,1,-1
31,1,32010.038429180666,8570.953860772115,999,-1,1,2,true,1,-1
32,1,32028.065170564765,8570.953832602156,999,-1,1,4,true,1,-1
32,1,32028.065170564765,8570.953832602156,999,-1,1,4,true,1,-1
33,1,32046.091911870626,8570.953804431487,999,-1,1,4,true,1,-1
33,1,32046.091911870626,8570.953804431487,999,-1,1,4,true,1,-1
34,1,32064.118653098165,8570.953776261527,999,-1,1,4,true,1,-1
34,1,32064.118653098165,8570.953776261527,999,-1,1,4,true,1,-1
35,1,32082.14539424736,8570.953748092274,999,-1,1,4,true,1,-1
35,1,32082.14539424736,8570.953748092274,999,-1,1,4,true,1,-1
36,1,32100.172135317112,8570.953719922667,999,-1,1,4,true,1,-1
36,1,32100.172135317112,8570.953719922667,999,-1,1,4,true,1,-1
37,1,32118.19887630845,8570.953691753766,999,-1,1,2,true,1,-1
37,1,32118.19887630845,8570.953691753766,999,-1,1,2,true,1,-1
38,1,32136.22561722129,8570.953663584865,999,-1,1,4,true,1,-1
38,1,32136.22561722129,8570.953663584865,999,-1,1,4,true,1,-1
39,1,32154.25235805563,8570.953635414906,999,-1,1,4,true,1,-1
39,1,32154.25235805563,8570.953635414906,999,-1,1,4,true,1,-1
40,1,32172.27909881139,8570.953607244594,999,-1,1,4,true,1,-1
40,1,32172.27909881139,8570.953607244594,999,-1,1,4,true,1,-1
41,1,32190.30583948857,8570.953579074983,999,-1,1,4,true,1,-1
41,1,32190.30583948857,8570.953579074983,999,-1,1,4,true,1,-1
42,1,32208.33258008706,8570.953550905026,999,-1,1,4,true,1,-1
42,1,32208.33258008706,8570.953550905026,999,-1,1,4,true,1,-1
43,1,32226.35932060687,8570.953522735772,999,-1,1,2,true,1,-1
43,1,32226.35932060687,8570.953522735772,999,-1,1,2,true,1,-1
44,1,32244.386061047964,8570.953494566877,999,-1,1,4,true,1,-1
44,1,32244.386061047964,8570.953494566877,999,-1,1,4,true,1,-1
45,1,32262.412801410257,8570.953466396913,999,-1,1,4,true,1,-1
45,1,32262.412801410257,8570.953466396913,999,-1,1,4,true,1,-1
46,1,32280.439541693715,8570.953438226956,999,-1,1,4,true,1,-1
46,1,32280.439541693715,8570.953438226956,999,-1,1,4,true,1,-1
47,1,32298.466281898298,8570.953410057347,999,-1,1,4,true,1,-1
47,1,32298.466281898298,8570.953410057347,999,-1,1,4,true,1,-1
48,1,32316.49302202292,8570.953381887031,999,-1,1,4,true,1,-1
48,1,32316.49302202292,8570.953381887031,999,-1,1,4,true,1,-1
49,1,32334.519762068572,8570.953353717776,999,-1,1,2,true,1,-1
49,1,32334.519762068572,8570.953353717776,999,-1,1,2,true,1,-1
50,1,32352.546502035217,8570.953325548526,999,-1,1,4,true,1,-1
50,1,32352.546502035217,8570.953325548526,999,-1,1,4,true,1,-1
51,1,32370.57324192284,8570.953297378563,999,-1,1,4,true,1,-1
51,1,32370.57324192284,8570.953297378563,999,-1,1,4,true,1,-1
52,1,32388.599981731335,8570.953269209667,999,-1,1,4,true,1,-1
52,1,32388.599981731335,8570.953269209667,999,-1,1,4,true,1,-1
53,1,32406.62672146072,8570.953241040415,999,-1,1,4,true,1,-1
53,1,32406.62672146072,8570.953241040415,999,-1,1,4,true,1,-1
54,1,32424.65346111092,8570.953212870803,999,-1,1,4,true,1,-1
54,1,32424.65346111092,8570.953212870803,999,-1,1,4,true,1,-1
55,1,32442.680200681898,8570.953184700846,999,-1,1,2,true,1,-1
55,1,32442.680200681898,8570.953184700846,999,-1,1,2,true,1,-1
56,1,32460.70694017361,8570.953156530884,999,-1,1,4,true,1,-1
56,1,32460.70694017361,8570.953156530884,999,-1,1,4,true,1,-1
57,1,32478.733679585996,8570.953128360923,999,-1,1,4,true,1,-1
57,1,32478.733679585996,8570.953128360923,999,-1,1,4,true,1,-1
58,1,32496.760418919042,8570.953100191316,999,-1,1,4,true,1,-1
58,1,32496.760418919042,8570.953100191316,999,-1,1,4,true,1,-1
59,1,32514.787158172676,8570.953072022063,999,-1,1,4,true,1,-1
59,1,32514.787158172676,8570.953072022063,999,-1,1,4,true,1,-1
60,1,32532.81389734581,8570.953043852101,999,-1,1,4,true,1,-1
60,1,32532.81389734581,8570.953043852101,999,-1,1,4,true,1,-1
61,1,32550.84063643944,8570.953015681791,999,-1,1,2,true,1,-1
61,1,32550.84063643944,8570.953015681791,999,-1,1,2,true,1,-1
62,1,32568.867375453563,8570.95298751289,999,-1,1,4,true,1,-1
62,1,32568.867375453563,8570.95298751289,999,-1,1,4,true,1,-1
63,1,32586.894114388095,8570.952959342578,999,-1,1,4,true,1,-1
63,1,32586.894114388095,8570.952959342578,999,-1,1,4,true,1,-1
64,1,32604.920853243017,8570.95293117297,999,-1,1,4,true,1,-1
64,1,32604.920853243017,8570.95293117297,999,-1,1,4,true,1,-1
65,1,32622.947592018267,8570.952903003012,999,-1,1,4,true,1,-1
65,1,32622.947592018267,8570.952903003012,999,-1,1,4,true,1,-1
66,1,32640.97433071383,8570.952874833405,999,-1,1,4,true,1,-1
66,1,32640.97433071383,8570.952874833405,999,-1,1,4,true,1,-1
67,1,32659.001069329595,8570.952846663089,999,-1,1,2,true,1,-1
67,1,32659.001069329595,8570.952846663089,999,-1,1,2,true,1,-1
68,1,32677.027807865597,8570.952818493128,999,-1,1,4,true,1,-1
68,1,32677.027807865597,8570.952818493128,999,-1,1,4,true,1,-1
69,1,32695.054546321753,8570.95279032423,999,-1,1,4,true,1,-1
69,1,32695.054546321753,8570.95279032423,999,-1,1,4,true,1,-1
70,1,32713.081284698023,8570.95276215427,999,-1,1,4,true,1,-1
70,1,32713.081284698023,8570.95276215427,999,-1,1,4,true,1,-1
71,1,32731.10802299437,8570.952733985017,999,-1,1,4,true,1,-1
71,1,32731.10802299437,8570.952733985017,999,-1,1,4,true,1,-1
72,1,32749.134761209665,8570.952705815409,999,-1,1,4,true,1,-1
72,1,32749.134761209665,8570.952705815409,999,-1,1,4,true,1,-1
73,1,32767.161499344962,8570.952677645446,999,-1,1,2,true,1,-1
73,1,32767.161499344962,8570.952677645446,999,-1,1,2,true,1,-1
74,1,32785.1882374002,8570.952649475486,999,-1,1,4,true,1,-1
74,1,32785.1882374002,8570.952649475486,999,-1,1,4,true,1,-1
75,1,32803.21497537532,8570.952621305878,999,-1,1,4,true,1,-1
75,1,32803.21497537532,8570.952621305878,999,-1,1,4,true,1,-1
76,1,32821.24171327029,8570.952593135919,999,-1,1,4,true,1,-1
76,1,32821.24171327029,8570.952593135919,999,-1,1,4,true,1,-1
77,1,32839.26845108508,8570.952564966314,999,-1,1,4,true,1,-1
77,1,32839.26845108508,8570.952564966314,999,-1,1,4,true,1,-1
78,1,32857.295188819626,8570.952536797415,999,-1,1,4,true,1,-1
78,1,32857.295188819626,8570.952536797415,999,-1,1,4,true,1,-1
79,1,32875.3219264739,8570.952508628508,999,-1,1,2,true,1,-1
79,1,32875.3219264739,8570.952508628508,999,-1,1,2,true,1,-1
80,1,32893.34866404785,8570.952480458553,999,-1,1,4,true,1,-1
80,1,32893.34866404785,8570.952480458553,999,-1,1,4,true,1,-1
81,1,32911.37540154141,8570.952452289299,999,-1,1,4,true,1,-1
81,1,32911.37540154141,8570.952452289299,999,-1,1,4,true,1,-1
82,1,32929.40213895455,8570.952424118985,999,-1,1,4,true,1,-1
82,1,32929.40213895455,8570.952424118985,999,-1,1,4,true,1,-1
83,1,32947.42887628727,8570.952395950442,999,-1,1,4,true,1,-1
83,1,32947.42887628727,8570.952395950442,999,-1,1,4,true,1,-1
84,1,32965.45561353842,8570.952367779773,999,-1,1,4,true,1,-1
84,1,32965.45561353842,8570.952367779773,999,-1,1,4,true,1,-1
85,1,32983.482350709004,8570.952339611225,999,-1,1,2,true,1,-1
85,1,32983.482350709004,8570.952339611225,999,-1,1,2,true,1,-1
86,1,33001.50908779902,8570.952311441972,999,-1,1,4,true,1,-1
86,1,33001.50908779902,8570.952311441972,999,-1,1,4,true,1,-1
87,1,33019.53582480838,8570.95228327166,999,-1,1,4,true,1,-1
87,1,33019.53582480838,8570.95228327166,999,-1,1,4,true,1,-1
88,1,33037.562561737075,8570.952255101347,999,-1,1,4,true,1,-1
88,1,33037.562561737075,8570.952255101347,999,-1,1,4,true,1,-1
89,1,33055.58929858505,8570.95222693174,999,-1,1,4,true,1,-1
89,1,33055.58929858505,8570.95222693174,999,-1,1,4,true,1,-1
90,1,33073.616035352265,8570.952198761779,999,-1,1,4,true,1,-1
90,1,33073.616035352265,8570.952198761779,999,-1,1,4,true,1,-1
91,1,33091.642772038664,8570.952170592169,999,-1,1,2,true,1,-1
91,1,33091.642772038664,8570.952170592169,999,-1,1,2,true,1,-1
92,1,33109.669508644205,8570.95214242292,999,-1,1,4,true,1,-1
92,1,33109.669508644205,8570.95214242292,999,-1,1,4,true,1,-1
93,1,33127.69624516886,8570.952114253667,999,-1,1,4,true,1,-1
93,1,33127.69624516886,8570.952114253667,999,-1,1,4,true,1,-1
94,1,33145.72298161258,8570.952086083353,999,-1,1,4,true,1,-1
94,1,33145.72298161258,8570.952086083353,999,-1,1,4,true,1,-1
95,1,33163.74971797528,8570.952057913742,999,-1,1,4,true,1,-1
95,1,33163.74971797528,8570.952057913742,999,-1,1,4,true,1,-1
96,1,33181.776454255916,8570.95202974343,999,-1,1,4,true,1,-1
96,1,33181.776454255916,8570.95202974343,999,-1,1,4,true,1,-1
97,1,33199.80319045547,8570.952001573116,999,-1,1,2,true,1,-1
97,1,33199.80319045547,8570.952001573116,999,-1,1,2,true,1,-1
98,1,33217.8299265739,8570.951973403511,999,-1,1,4,true,1,-1
98,1,33217.8299265739,8570.951973403511,999,-1,1,4,true,1,-1
99,1,33235.85666261117,8570.951945234257,999,-1,1,4,true,1,-1
99,1,33235.85666261117,8570.951945234257,999,-1,1,4,true,1,-1
100,1,33253.883398567246,8570.951917064296,999,-1,1,4,true,1,-1
100,1,33253.883398567246,8570.951917064296,999,-1,1,4,true,1,-1
101,1,33271.91013444207,8570.951888895042,999,-1,1,4,true,1,-1
101,1,33271.91013444207,8570.951888895042,999,-1,1,4,true,1,-1
102,1,33289.9368702356,8570.951860725436,999,-1,1,4,true,1,-1
102,1,33289.9368702356,8570.951860725436,999,-1,1,4,true,1,-1
103,1,33307.96360594779,8570.951832556184,999,-1,1,2,true,1,-1
103,1,33307.96360594779,8570.951832556184,999,-1,1,2,true,1,-1
104,1,33325.990341578596,8570.951804385519,999,-1,1,4,true,1,-1
104,1,33325.990341578596,8570.951804385519,999,-1,1,4,true,1,-1
105,1,33344.017077127966,8570.95177621591,999,-1,1,4,true,1,-1
105,1,33344.017077127966,8570.95177621591,999,-1,1,4,true,1,-1
106,1,33362.04381259587,8570.951748045953,999,-1,1,4,true,1,-1
106,1,33362.04381259587,8570.951748045953,999,-1,1,4,true,1,-1
107,1,33380.07054798228,8570.95171987634,999,-1,1,4,true,1,-1
107,1,33380.07054798228,8570.95171987634,999,-1,1,4,true,1,-1
108,1,33398.09728328605,8570.951691707442,999,-1,1,4,true,1,-1
108,1,33398.09728328605,8570.951691707442,999,-1,1,4,true,1,-1
109,1,33416.12401850822,8570.95166353748,999,-1,1,2,true,1,-1
109,1,33416.12401850822,8570.95166353748,999,-1,1,2,true,1,-1
110,1,33434.15075364876,8570.951635367523,999,-1,1,4,true,1,-1
110,1,33434.15075364876,8570.951635367523,999,-1,1,4,true,1,-1
111,1,33452.177488707595,8570.951607197208,999,-1,1,4,true,1,-1
111,1,33452.177488707595,8570.951607197208,999,-1,1,4,true,1,-1
112,1,33470.20422368468,8570.951579026892,999,-1,1,4,true,1,-1
112,1,33470.20422368468,8570.951579026892,999,-1,1,4,true,1,-1
113,1,33488.23095858002,8570.951550858346,999,-1,1,4,true,1,-1
113,1,33488.23095858002,8570.951550858346,999,-1,1,4,true,1,-1
114,1,33506.25769339351,8570.95152268945,999,-1,1,4,true,1,-1
114,1,33506.25769339351,8570.95152268945,999,-1,1,4,true,1,-1
115,1,33524.28442812516,8570.95149451984,999,-1,1,2,true,1,-1
115,1,33524.28442812516,8570.95149451984,999,-1,1,2,true,1,-1
116,1,33542.31116277489,8570.95146634988,999,-1,1,4,true,1,-1
116,1,33542.31116277489,8570.95146634988,999,-1,1,4,true,1,-1
117,1,33560.337897342644,8570.951438180628,999,-1,1,4,true,1,-1
117,1,33560.337897342644,8570.951438180628,999,-1,1,4,true,1,-1
118,1,33578.36463182842,8570.951410010317,999,-1,1,4,true,1,-1
118,1,33578.36463182842,8570.951410010317,999,-1,1,4,true,1,-1
119,1,33596.39136623216,8570.951381840003,999,-1,1,4,true,1,-1
119,1,33596.39136623216,8570.951381840003,999,-1,1,4,true,1,-1
120,1,33614.41810055274,8570.951353670749,999,-1,1,4,true,1,-1
120,1,33614.41810055274,8570.951353670749,999,-1,1,4,true,1,-1
121,1,33632.44483479118,8570.95132550114,999,-1,1,2,true,1,-1
121,1,33632.44483479118,8570.95132550114,999,-1,1,2,true,1,-1
122,1,33650.471568947454,8570.951297331887,999,-1,1,4,true,1,-1
122,1,33650.471568947454,8570.951297331887,999,-1,1,4,true,1,-1
123,1,33668.49830302153,8570.951269162633,999,-1,1,4,true,1,-1
123,1,33668.49830302153,8570.951269162633,999,-1,1,4,true,1,-1
124,1,33686.52503701329,8570.951240992676,999,-1,1,4,true,1,-1
124,1,33686.52503701329,8570.951240992676,999,-1,1,4,true,1,-1
125,1,33704.55177092279,8570.95121282342,999,-1,1,4,true,1,-1
125,1,33704.55177092279,8570.95121282342,999,-1,1,4,true,1,-1
126,1,33722.57850474993,8570.951184653813,999,-1,1,4,true,1,-1
126,1,33722.57850474993,8570.951184653813,999,-1,1,4,true,1,-1
127,1,33740.60523849466,8570.951156484558,999,-1,1,2,true,1,-1
127,1,33740.60523849466,8570.951156484558,999,-1,1,2,true,1,-1
128,1,33758.631972156974,8570.951128314598,999,-1,1,4,true,1,-1
128,1,33758.631972156974,8570.951128314598,999,-1,1,4,true,1,-1
129,1,33776.65870573678,8570.951100145701,999,-1,1,4,true,1,-1
129,1,33776.65870573678,8570.951100145701,999,-1,1,4,true,1,-1
130,1,33794.68543923408,8570.951071975385,999,-1,1,4,true,1,-1
130,1,33794.68543923408,8570.951071975385,999,-1,1,4,true,1,-1
131,1,33812.71217264878,8570.95104380507,999,-1,1,4,true,1,-1
131,1,33812.71217264878,8570.95104380507,999,-1,1,4,true,1,-1
132,1,33830.738905979844,8570.951015635463,999,-1,1,4,true,1,-1
132,1,33830.738905979844,8570.951015635463,999,-1,1,4,true,1,-1
133,1,33848.765639228215,8570.950987465152,999,-1,1,2,true,1,-1
133,1,33848.765639228215,8570.950987465152,999,-1,1,2,true,1,-1
134,1,33866.79237239391,8570.950959294836,999,-1,1,4,true,1,-1
134,1,33866.79237239391,8570.950959294836,999,-1,1,4,true,1,-1
135,1,33884.81910547683,8570.950931125582,999,-1,1,4,true,1,-1
135,1,33884.81910547683,8570.950931125582,999,-1,1,4,true,1,-1
136,1,33902.84583847697,8570.950902955981,999,-1,1,4,true,1,-1
136,1,33902.84583847697,8570.950902955981,999,-1,1,4,true,1,-1
137,1,33920.87257139427,8570.950874786371,999,-1,1,4,true,1,-1
137,1,33920.87257139427,8570.950874786371,999,-1,1,4,true,1,-1
138,1,33938.89930422871,8570.95084661712,999,-1,1,4,true,1,-1
138,1,33938.89930422871,8570.95084661712,999,-1,1,4,true,1,-1
139,1,33956.92603698021,8570.950818447158,999,-1,1,2,true,1,-1
139,1,33956.92603698021,8570.950818447158,999,-1,1,2,true,1,-1
140,1,33974.95276964873,8570.950790277551,999,-1,1,4,true,1,-1
140,1,33974.95276964873,8570.950790277551,999,-1,1,4,true,1,-1
141,1,33992.97950223426,8570.950762107945,999,-1,1,4,true,1,-1
141,1,33992.97950223426,8570.950762107945,999,-1,1,4,true,1,-1
142,1,34011.00623473673,8570.950733938691,999,-1,1,4,true,1,-1
142,1,34011.00623473673,8570.950733938691,999,-1,1,4,true,1,-1
143,1,34029.0329671561,8570.950705768731,999,-1,1,4,true,1,-1
143,1,34029.0329671561,8570.950705768731,999,-1,1,4,true,1,-1
144,1,34047.059699491234,8570.950677599121,999,-1,1,4,true,1,-1
144,1,34047.059699491234,8570.950677599121,999,-1,1,4,true,1,-1
145,1,34065.08643174323,8570.950649428105,999,-1,1,2,true,1,-1
145,1,34065.08643174323,8570.950649428105,999,-1,1,2,true,1,-1
146,1,34083.11316391198,8570.950621258497,999,-1,1,4,true,1,-1
146,1,34083.11316391198,8570.950621258497,999,-1,1,4,true,1,-1
147,1,34101.13989599743,8570.950593088533,999,-1,1,4,true,1,-1
147,1,34101.13989599743,8570.950593088533,999,-1,1,4,true,1,-1
148,1,34119.16662799958,8570.95056491893,999,-1,1,4,true,1,-1
148,1,34119.16662799958,8570.95056491893,999,-1,1,4,true,1,-1
149,1,34137.19335991836,8570.950536749322,999,-1,1,4,true,1,-1
149,1,34137.19335991836,8570.950536749322,999,-1,1,4,true,1,-1
150,1,34155.22009175373,8570.950508579004,999,-1,1,4,true,1,-1
150,1,34155.22009175373,8570.950508579004,999,-1,1,4,true,1,-1
151,1,34173.24682350566,8570.9504804094,999,-1,1,2,true,1,-1
151,1,34173.24682350566,8570.9504804094,999,-1,1,2,true,1,-1
152,1,34191.27355517408,8570.950452239442,999,-1,1,4,true,1,-1
152,1,34191.27355517408,8570.950452239442,999,-1,1,4,true,1,-1
153,1,34209.300286758946,8570.95042406948,999,-1,1,4,true,1,-1
153,1,34209.300286758946,8570.95042406948,999,-1,1,4,true,1,-1
154,1,34227.327018260265,8570.950395899876,999,-1,1,4,true,1,-1
154,1,34227.327018260265,8570.950395899876,999,-1,1,4,true,1,-1
155,1,34245.35374967793,8570.950367729558,999,-1,1,4,true,1,-1
155,1,34245.35374967793,8570.950367729558,999,-1,1,4,true,1,-1
156,1,34263.38048101087,8570.950339561014,999,-1,1,4,true,1,-1
156,1,34263.38048101087,8570.950339561014,999,-1,1,4,true,1,-1
157,1,34281.4072122601,8570.950311391052,999,-1,1,2,true,1,-1
157,1,34281.4072122601,8570.950311391052,999,-1,1,2,true,1,-1
158,1,34299.433943425545,8570.950283220387,999,-1,1,4,true,1,-1
158,1,34299.433943425545,8570.950283220387,999,-1,1,4,true,1,-1
159,1,34317.4606745072,8570.950255050428,999,-1,1,4,true,1,-1
159,1,34317.4606745072,8570.950255050428,999,-1,1,4,true,1,-1
160,1,34335.48740550501,8570.950226880466,999,-1,1,4,true,1,-1
160,1,34335.48740550501,8570.950226880466,999,-1,1,4,true,1,-1
161,1,34353.51413641892,8570.950198710505,999,-1,1,4,true,1,-1
161,1,34353.51413641892,8570.950198710505,999,-1,1,4,true,1,-1
162,1,34371.540867248885,8570.95017054019,999,-1,1,4,true,1,-1
162,1,34371.540867248885,8570.95017054019,999,-1,1,4,true,1,-1
163,1,34389.5675979949,8570.950142370939,999,-1,1,2,true,1,-1
163,1,34389.5675979949,8570.950142370939,999,-1,1,2,true,1,-1
164,1,34407.59432865689,8570.950114200625,999,-1,1,4,true,1,-1
164,1,34407.59432865689,8570.950114200625,999,-1,1,4,true,1,-1
165,1,34425.62105923479,8570.950086031018,999,-1,1,4,true,1,-1
165,1,34425.62105923479,8570.950086031018,999,-1,1,4,true,1,-1
166,1,34443.64778972856,8570.950057861412,999,-1,1,4,true,1,-1
166,1,34443.64778972856,8570.950057861412,999,-1,1,4,true,1,-1
167,1,34461.674520138215,8570.950029691452,999,-1,1,4,true,1,-1
167,1,34461.674520138215,8570.950029691452,999,-1,1,4,true,1,-1
168,1,34479.70125046257,8570.950001522197,999,-1,1,4,true,1,-1
168,1,34479.70125046257,8570.950001522197,999,-1,1,4,true,1,-1
169,1,34497.7279807027,8570.949973351175,999,-1,1,2,true,1,-1
169,1,34497.7279807027,8570.949973351175,999,-1,1,2,true,1,-1
170,1,34515.75471085854,8570.949945182627,999,-1,1,4,true,1,-1
170,1,34515.75471085854,8570.949945182627,999,-1,1,4,true,1,-1
171,1,34533.78144093004,8570.949917013026,999,-1,1,4,true,1,-1
171,1,34533.78144093004,8570.949917013026,999,-1,1,4,true,1,-1
172,1,34551.80817091717,8570.949888843417,999,-1,1,4,true,1,-1
172,1,34551.80817091717,8570.949888843417,999,-1,1,4,true,1,-1
173,1,34569.83490081987,8570.949860673101,999,-1,1,4,true,1,-1
173,1,34569.83490081987,8570.949860673101,999,-1,1,4,true,1,-1
174,1,34587.861630638115,8570.949832503495,999,-1,1,4,true,1,-1
174,1,34587.861630638115,8570.949832503495,999,-1,1,4,true,1,-1
175,1,34605.88836037186,8570.94980433389,999,-1,1,2,true,1,-1
175,1,34605.88836037186,8570.94980433389,999,-1,1,2,true,1,-1
176,1,34623.91509002103,8570.949776162868,999,-1,1,4,true,1,-1
176,1,34623.91509002103,8570.949776162868,999,-1,1,4,true,1,-1
177,1,34641.94181958561,8570.949747993262,999,-1,1,4,true,1,-1
177,1,34641.94181958561,8570.949747993262,999,-1,1,4,true,1,-1
178,1,34659.96854906555,8570.949719823298,999,-1,1,4,true,1,-1
178,1,34659.96854906555,8570.949719823298,999,-1,1,4,true,1,-1
179,1,34677.995278460796,8570.949691654403,999,-1,1,4,true,1,-1
179,1,34677.995278460796,8570.949691654403,999,-1,1,4,true,1,-1
180,1,34696.02200777027,8570.949663483734,999,-1,1,4,true,1,-1
180,1,34696.02200777027,8570.949663483734,999,-1,1,4,true,1,-1
181,1,34714.04873699496,8570.949635314484,999,-1,1,2,true,1,-1
181,1,34714.04873699496,8570.949635314484,999,-1,1,2,true,1,-1
182,1,34732.07546613483,8570.949607144521,999,-1,1,4,true,1,-1
182,1,34732.07546613483,8570.949607144521,999,-1,1,4,true,1,-1
183,1,34750.10219518983,8570.949578974913,999,-1,1,4,true,1,-1
183,1,34750.10219518983,8570.949578974913,999,-1,1,4,true,1,-1
184,1,34768.12892415993,8570.949550804955,999,-1,1,4,true,1,-1
184,1,34768.12892415993,8570.949550804955,999,-1,1,4,true,1,-1
185,1,34786.15565304508,8570.949522636405,999,-1,1,4,true,1,-1
185,1,34786.15565304508,8570.949522636405,999,-1,1,4,true,1,-1
186,1,34804.18238184526,8570.94949446574,999,-1,1,4,true,1,-1
186,1,34804.18238184526,8570.94949446574,999,-1,1,4,true,1,-1
187,1,34822.209110560376,8570.94946629684,999,-1,1,2,true,1,-1
187,1,34822.209110560376,8570.94946629684,999,-1,1,2,true,1,-1
188,1,34840.23583919041,8570.94943812723,999,-1,1,4,true,1,-1
188,1,34840.23583919041,8570.94943812723,999,-1,1,4,true,1,-1
189,1,34858.262567735335,8570.949409957273,999,-1,1,4,true,1,-1
189,1,34858.262567735335,8570.949409957273,999,-1,1,4,true,1,-1
190,1,34876.289296195064,8570.949381787312,999,-1,1,4,true,1,-1
190,1,34876.289296195064,8570.949381787312,999,-1,1,4,true,1,-1
191,1,34894.316024569605,8570.949353616998,999,-1,1,4,true,1,-1
191,1,34894.316024569605,8570.949353616998,999,-1,1,4,true,1,-1
192,1,34912.3427528578,8570.949325447395,999,-1,1,4,true,1,-1
192,1,34912.3427528578,8570.949325447395,999,-1,1,4,true,1,-1
193,1,34930.36948106071,8570.949297277784,999,-1,1,2,true,1,-1
193,1,34930.36948106071,8570.949297277784,999,-1,1,2,true,1,-1
194,1,34948.39620917828,8570.94926910818,999,-1,1,4,true,1,-1
194,1,34948.39620917828,8570.94926910818,999,-1,1,4,true,1,-1
195,1,34966.42293721046,8570.949240938924,999,-1,1,4,true,1,-1
195,1,34966.42293721046,8570.949240938924,999,-1,1,4,true,1,-1
196,1,34984.4496651572,8570.949212768961,999,-1,1,4,true,1,-1
196,1,34984.4496651572,8570.949212768961,999,-1,1,4,true,1,-1
197,1,35002.47639301847,8570.949184599356,999,-1,1,4,true,1,-1
197,1,35002.47639301847,8570.949184599356,999,-1,1,4,true,1,-1
198,1,35020.50312079421,8570.949156429751,999,-1,1,4,true,1,-1
198,1,35020.50312079421,8570.949156429751,999,-1,1,4,true,1,-1
199,1,35038.529848484366,8570.949128260852,999,-1,1,2,true,1,-1
199,1,35038.529848484366,8570.949128260852,999,-1,1,2,true,1,-1
200,1,35056.556576088944,8570.94910009054,999,-1,1,4,true,1,-1
200,1,35056.556576088944,8570.94910009054,999,-1,1,4,true,1,-1
201,1,35074.58330360785,8570.949071920579,999,-1,1,4,true,1,-1
201,1,35074.58330360785,8570.949071920579,999,-1,1,4,true,1,-1
202,1,35092.61003104105,8570.949043750263,999,-1,1,4,true,1,-1
202,1,35092.61003104105,8570.949043750263,999,-1,1,4,true,1,-1
203,1,35110.6367583885,8570.949015580303,999,-1,1,4,true,1,-1
203,1,35110.6367583885,8570.949015580303,999,-1,1,4,true,1,-1
204,1,35128.66348564912,8570.948987410697,999,-1,1,4,true,1,-1
204,1,35128.66348564912,8570.948987410697,999,-1,1,4,true,1,-1
205,1,35146.69021282391,8570.94895924144,999,-1,1,2,true,1,-1
205,1,35146.69021282391,8570.94895924144,999,-1,1,2,true,1,-1
206,1,35164.71693991283,8570.948931071836,999,-1,1,4,true,1,-1
206,1,35164.71693991283,8570.948931071836,999,-1,1,4,true,1,-1
207,1,35182.74366691582,8570.948902902226,999,-1,1,4,true,1,-1
207,1,35182.74366691582,8570.948902902226,999,-1,1,4,true,1,-1
208,1,35200.77039383284,8570.948874731912,999,-1,1,4,true,1,-1
208,1,35200.77039383284,8570.948874731912,999,-1,1,4,true,1,-1
209,1,35218.797120663876,8570.948846562305,999,-1,1,4,true,1,-1
209,1,35218.797120663876,8570.948846562305,999,-1,1,4,true,1,-1
210,1,35236.82384740885,8570.948818391995,999,-1,1,4,true,1,-1
210,1,35236.82384740885,8570.948818391995,999,-1,1,4,true,1,-1
211,1,35254.850574067736,8570.94879022133,999,-1,1,2,true,1,-1
211,1,35254.850574067736,8570.94879022133,999,-1,1,2,true,1,-1
212,1,35272.87730064047,8570.94876205207,999,-1,1,4,true,1,-1
212,1,35272.87730064047,8570.94876205207,999,-1,1,4,true,1,-1
213,1,35290.90402712702,8570.948733882113,999,-1,1,4,true,1,-1
213,1,35290.90402712702,8570.948733882113,999,-1,1,4,true,1,-1
214,1,35308.93075352735,8570.948705713214,999,-1,1,4,true,1,-1
214,1,35308.93075352735,8570.948705713214,999,-1,1,4,true,1,-1
215,1,35326.957479841396,8570.948677542898,999,-1,1,4,true,1,-1
215,1,35326.957479841396,8570.948677542898,999,-1,1,4,true,1,-1
216,1,35344.984206069144,8570.948649373293,999,-1,1,4,true,1,-1
216,1,35344.984206069144,8570.948649373293,999,-1,1,4,true,1,-1
217,1,35363.010932209465,8570.948621203686,999,-1,1,2,true,1,-1
217,1,35363.010932209465,8570.948621203686,999,-1,1,2,true,1,-1
218,1,35381.03765826338,8570.94859303408,999,-1,1,4,true,1,-1
218,1,35381.03765826338,8570.94859303408,999,-1,1,4,true,1,-1
219,1,35399.06438423085,8570.948564864475,999,-1,1,4,true,1,-1
219,1,35399.06438423085,8570.948564864475,999,-1,1,4,true,1,-1
220,1,35417.091110111825,8570.948536694868,999,-1,1,4,true,1,-1
220,1,35417.091110111825,8570.948536694868,999,-1,1,4,true,1,-1
221,1,35435.11783590629,8570.948508524905,999,-1,1,4,true,1,-1
221,1,35435.11783590629,8570.948508524905,999,-1,1,4,true,1,-1
222,1,35453.14456161415,8570.948480355652,999,-1,1,4,true,1,-1
222,1,35453.14456161415,8570.948480355652,999,-1,1,4,true,1,-1
223,1,35471.17128723537,8570.948452186398,999,-1,1,2,true,1,-1
223,1,35471.17128723537,8570.948452186398,999,-1,1,2,true,1,-1
224,1,35489.198012769964,8570.948424017148,999,-1,1,4,true,1,-1
224,1,35489.198012769964,8570.948424017148,999,-1,1,4,true,1,-1
225,1,35507.224738217825,8570.948395846124,999,-1,1,4,true,1,-1
225,1,35507.224738217825,8570.948395846124,999,-1,1,4,true,1,-1
226,1,35525.25146357893,8570.94836767687,999,-1,1,4,true,1,-1
226,1,35525.25146357893,8570.94836767687,999,-1,1,4,true,1,-1
227,1,35543.27818885325,8570.948339507975,999,-1,1,4,true,1,-1
227,1,35543.27818885325,8570.948339507975,999,-1,1,4,true,1,-1
228,1,35561.30491404069,8570.948311338014,999,-1,1,4,true,1,-1
228,1,35561.30491404069,8570.948311338014,999,-1,1,4,true,1,-1
229,1,35579.33163914021,8570.948283169113,999,-1,1,2,true,1,-1
229,1,35579.33163914021,8570.948283169113,999,-1,1,2,true,1,-1
230,1,35597.358364152795,8570.948254998442,999,-1,1,4,true,1,-1
230,1,35597.358364152795,8570.948254998442,999,-1,1,4,true,1,-1
231,1,35615.3850890784,8570.948226828838,999,-1,1,4,true,1,-1
231,1,35615.3850890784,8570.948226828838,999,-1,1,4,true,1,-1
232,1,35633.41181391699,8570.948198658883,999,-1,1,4,true,1,-1
232,1,35633.41181391699,8570.948198658883,999,-1,1,4,true,1,-1
233,1,35651.4385386685,8570.948170488566,999,-1,1,4,true,1,-1
233,1,35651.4385386685,8570.948170488566,999,-1,1,4,true,1,-1
234,1,35669.46526333291,8570.948142319312,999,-1,1,4,true,1,-1
234,1,35669.46526333291,8570.948142319312,999,-1,1,4,true,1,-1
235,1,35687.49198791018,8570.948114149352,999,-1,1,2,true,1,-1
235,1,35687.49198791018,8570.948114149352,999,-1,1,2,true,1,-1
236,1,35705.518712400255,8570.94808597939,999,-1,1,4,true,1,-1
236,1,35705.518712400255,8570.94808597939,999,-1,1,4,true,1,-1
237,1,35723.545436803084,8570.948057809786,999,-1,1,4,true,1,-1
237,1,35723.545436803084,8570.948057809786,999,-1,1,4,true,1,-1
238,1,35741.57216111863,8570.948029639821,999,-1,1,4,true,1,-1
238,1,35741.57216111863,8570.948029639821,999,-1,1,4,true,1,-1
239,1,35759.59888534686,8570.94800147057,999,-1,1,4,true,1,-1
239,1,35759.59888534686,8570.94800147057,999,-1,1,4,true,1,-1
240,1,35777.62560948768,8570.947973299904,999,-1,1,4,true,1,-1
240,1,35777.62560948768,8570.947973299904,999,-1,1,4,true,1,-1
241,1,35795.65233354003,8570.947945131002,999,-1,1,2,true,1,-1
241,1,35795.65233354003,8570.947945131002,999,-1,1,2,true,1,-1
242,1,35813.67905750491,8570.94791696069,999,-1,1,4,true,1,-1
242,1,35813.67905750491,8570.94791696069,999,-1,1,4,true,1,-1
243,1,35831.70578138233,8570.947888790728,999,-1,1,4,true,1,-1
243,1,35831.70578138233,8570.947888790728,999,-1,1,4,true,1,-1
244,1,35849.732505172164,8570.947860620767,999,-1,1,4,true,1,-1
244,1,35849.732505172164,8570.947860620767,999,-1,1,4,true,1,-1
245,1,35867.75922887444,8570.947832450809,999,-1,1,4,true,1,-1
245,1,35867.75922887444,8570.947832450809,999,-1,1,4,true,1,-1
246,1,35885.78595248907,8570.947804281199,999,-1,1,4,true,1,-1
246,1,35885.78595248907,8570.947804281199,999,-1,1,4,true,1,-1
247,1,35903.812676015994,8570.947776110886,999,-1,1,2,true,1,-1
247,1,35903.812676015994,8570.947776110886,999,-1,1,2,true,1,-1
248,1,35921.83939945523,8570.947747941635,999,-1,1,4,true,1,-1
248,1,35921.83939945523,8570.947747941635,999,-1,1,4,true,1,-1
249,1,35939.86612280667,8570.947719771675,999,-1,1,4,true,1,-1
249,1,35939.86612280667,8570.947719771675,999,-1,1,4,true,1,-1
250,1,35957.89284607029,8570.947691601714,999,-1,1,4,true,1,-1
250,1,35957.89284607029,8570.947691601714,999,-1,1,4,true,1,-1
251,1,35975.9195692461,8570.94766343246,999,-1,1,4,true,1,-1
251,1,35975.9195692461,8570.94766343246,999,-1,1,4,true,1,-1
252,1,35993.946292333945,8570.9476352625,999,-1,1,4,true,1,-1
252,1,35993.946292333945,8570.9476352625,999,-1,1,4,true,1,-1
253,1,36011.97301533283,8570.94760709183,999,-1,1,2,true,1,-1
253,1,36011.97301533283,8570.94760709183,999,-1,1,2,true,1,-1
254,1,36029.9997382437,8570.947578921872,999,-1,1,4,true,1,-1
254,1,36029.9997382437,8570.947578921872,999,-1,1,4,true,1,-1
255,1,36048.026461066554,8570.947550752264,999,-1,1,4,true,1,-1
255,1,36048.026461066554,8570.947550752264,999,-1,1,4,true,1,-1
256,1,36066.05318380132,8570.947522582663,999,-1,1,4,true,1,-1
256,1,36066.05318380132,8570.947522582663,999,-1,1,4,true,1,-1
257,1,36084.07990644797,8570.947494413052,999,-1,1,4,true,1,-1
257,1,36084.07990644797,8570.947494413052,999,-1,1,4,true,1,-1
258,1,36102.10662900644,8570.947466242385,999,-1,1,4,true,1,-1
258,1,36102.10662900644,8570.947466242385,999,-1,1,4,true,1,-1
259,1,36120.13335147674,8570.947438072779,999,-1,1,2,true,1,-1
259,1,36120.13335147674,8570.947438072779,999,-1,1,2,true,1,-1
260,1,36138.16007385875,8570.947409903172,999,-1,1,4,true,1,-1
260,1,36138.16007385875,8570.947409903172,999,-1,1,4,true,1,-1
261,1,36156.18679615248,8570.947381733562,999,-1,1,4,true,1,-1
261,1,36156.18679615248,8570.947381733562,999,-1,1,4,true,1,-1
262,1,36174.21351835787,8570.947353564665,999,-1,1,4,true,1,-1
262,1,36174.21351835787,8570.947353564665,999,-1,1,4,true,1,-1
263,1,36192.240240474865,8570.947325394704,999,-1,1,4,true,1,-1
263,1,36192.240240474865,8570.947325394704,999,-1,1,4,true,1,-1
264,1,36210.26696250343,8570.947297224746,999,-1,1,4,true,1,-1
264,1,36210.26696250343,8570.947297224746,999,-1,1,4,true,1,-1
265,1,36228.29368444247,8570.947269055841,999,-1,1,2,true,1,-1
265,1,36228.29368444247,8570.947269055841,999,-1,1,2,true,1,-1
266,1,36246.32040629298,8570.94724088624,999,-1,1,4,true,1,-1
266,1,36246.32040629298,8570.94724088624,999,-1,1,4,true,1,-1
267,1,36264.34712805492,8570.947212716632,999,-1,1,4,true,1,-1
267,1,36264.34712805492,8570.947212716632,999,-1,1,4,true,1,-1
268,1,36282.3738497283,8570.947184545961,999,-1,1,4,true,1,-1
268,1,36282.3738497283,8570.947184545961,999,-1,1,4,true,1,-1
269,1,36300.40057131298,8570.947156376002,999,-1,1,4,true,1,-1
269,1,36300.40057131298,8570.947156376002,999,-1,1,4,true,1,-1
270,1,36318.42729280898,8570.947128205333,999,-1,1,4,true,1,-1
270,1,36318.42729280898,8570.947128205333,999,-1,1,4,true,1,-1
271,1,36336.45401421627,8570.947100035377,999,-1,1,2,true,1,-1
271,1,36336.45401421627,8570.947100035377,999,-1,1,2,true,1,-1
272,1,36354.480735534744,8570.947071866123,999,-1,1,4,true,1,-1
272,1,36354.480735534744,8570.947071866123,999,-1,1,4,true,1,-1
273,1,36372.5074567644,8570.947043696515,999,-1,1,4,true,1,-1
273,1,36372.5074567644,8570.947043696515,999,-1,1,4,true,1,-1
274,1,36390.53417790521,8570.94701552691,999,-1,1,4,true,1,-1
274,1,36390.53417790521,8570.94701552691,999,-1,1,4,true,1,-1
275,1,36408.56089895709,8570.946987356945,999,-1,1,4,true,1,-1
275,1,36408.56089895709,8570.946987356945,999,-1,1,4,true,1,-1
276,1,36426.58761992,8570.946959187695,999,-1,1,4,true,1,-1
276,1,36426.58761992,8570.946959187695,999,-1,1,4,true,1,-1
277,1,36444.614340792854,8570.946931018443,999,-1,1,2,true,1,-1
277,1,36444.614340792854,8570.946931018443,999,-1,1,2,true,1,-1
278,1,36462.641061576665,8570.94690284954,999,-1,1,4,true,1,-1
278,1,36462.641061576665,8570.94690284954,999,-1,1,4,true,1,-1
279,1,36480.66778227137,8570.946874680289,999,-1,1,4,true,1,-1
279,1,36480.66778227137,8570.946874680289,999,-1,1,4,true,1,-1
280,1,36498.69450287696,8570.94684651068,999,-1,1,4,true,1,-1
280,1,36498.69450287696,8570.94684651068,999,-1,1,4,true,1,-1
281,1,36516.72122339337,8570.946818341077,999,-1,1,4,true,1,-1
281,1,36516.72122339337,8570.946818341077,999,-1,1,4,true,1,-1
282,1,36534.74794382055,8570.946790170407,999,-1,1,4,true,1,-1
282,1,36534.74794382055,8570.946790170407,999,-1,1,4,true,1,-1
283,1,36552.77466415848,8570.946762000443,999,-1,1,2,true,1,-1
283,1,36552.77466415848,8570.946762000443,999,-1,1,2,true,1,-1
284,1,36570.801384407096,8570.946733831192,999,-1,1,4,true,1,-1
284,1,36570.801384407096,8570.946733831192,999,-1,1,4,true,1,-1
285,1,36588.828104566346,8570.946705661234,999,-1,1,4,true,1,-1
285,1,36588.828104566346,8570.946705661234,999,-1,1,4,true,1,-1
286,1,36606.854824636204,8570.946677491624,999,-1,1,4,true,1,-1
286,1,36606.854824636204,8570.946677491624,999,-1,1,4,true,1,-1
287,1,36624.881544616626,8570.946649322372,999,-1,1,4,true,1,-1
287,1,36624.881544616626,8570.946649322372,999,-1,1,4,true,1,-1
288,1,36642.90826450753,8570.946621152056,999,-1,1,4,true,1,-1
288,1,36642.90826450753,8570.946621152056,999,-1,1,4,true,1,-1
289,1,36660.934984307874,8570.946592981745,999,-1,1,2,true,1,-1
289,1,36660.934984307874,8570.946592981745,999,-1,1,2,true,1,-1
290,1,36678.961704018635,8570.946564813199,999,-1,1,4,true,1,-1
290,1,36678.961704018635,8570.946564813199,999,-1,1,4,true,1,-1
291,1,36696.98842363976,8570.94653664324,999,-1,1,4,true,1,-1
291,1,36696.98842363976,8570.94653664324,999,-1,1,4,true,1,-1
292,1,36715.01514317126,8570.94650847363,999,-1,1,4,true,1,-1
292,1,36715.01514317126,8570.94650847363,999,-1,1,4,true,1,-1
293,1,36733.04186261301,8570.946480304734,999,-1,1,4,true,1,-1
293,1,36733.04186261301,8570.946480304734,999,-1,1,4,true,1,-1
294,1,36751.06858196505,8570.94645213477,999,-1,1,4,true,1,-1
294,1,36751.06858196505,8570.94645213477,999,-1,1,4,true,1,-1
295,1,36769.095301227295,8570.946423964106,999,-1,1,2,true,1,-1
295,1,36769.095301227295,8570.946423964106,999,-1,1,2,true,1,-1
296,1,36787.12202039966,8570.946395794499,999,-1,1,4,true,1,-1
296,1,36787.12202039966,8570.946395794499,999,-1,1,4,true,1,-1
297,1,36805.14873948218,8570.946367625247,999,-1,1,4,true,1,-1
297,1,36805.14873948218,8570.946367625247,999,-1,1,4,true,1,-1
298,1,36823.17545847476,8570.946339455639,999,-1,1,4,true,1,-1
298,1,36823.17545847476,8570.946339455639,999,-1,1,4,true,1,-1
299,1,36841.20217737735,8570.946311286385,999,-1,1,4,true,1,-1
299,1,36841.20217737735,8570.946311286385,999,-1,1,4,true,1,-1
300,1,36859.22889618995,8570.946283116426,999,-1,1,4,true,1,-1
300,1,36859.22889618995,8570.946283116426,999,-1,1,4,true,1,-1
301,1,36877.25561491142,8570.946254946113,999,-1,1,2,true,1,-1
301,1,36877.25561491142,8570.946254946113,999,-1,1,2,true,1,-1
302,1,36895.282333542775,8570.946226776148,999,-1,1,4,true,1,-1
302,1,36895.282333542775,8570.946226776148,999,-1,1,4,true,1,-1
303,1,36913.30905208401,8570.946198606189,999,-1,1,4,true,1,-1
303,1,36913.30905208401,8570.946198606189,999,-1,1,4,true,1,-1
304,1,36931.33577053503,8570.946170436935,999,-1,1,4,true,1,-1
304,1,36931.33577053503,8570.946170436935,999,-1,1,4,true,1,-1
305,1,36949.36248889584,8570.946142266976,999,-1,1,4,true,1,-1
305,1,36949.36248889584,8570.946142266976,999,-1,1,4,true,1,-1
306,1,36967.38920716636,8570.946114097369,999,-1,1,4,true,1,-1
306,1,36967.38920716636,8570.946114097369,999,-1,1,4,true,1,-1
307,1,36985.41592534654,8570.946085928117,999,-1,1,2,true,1,-1
307,1,36985.41592534654,8570.946085928117,999,-1,1,2,true,1,-1
308,1,37003.44264343636,8570.946057757805,999,-1,1,4,true,1,-1
308,1,37003.44264343636,8570.946057757805,999,-1,1,4,true,1,-1
309,1,37021.469361435775,8570.946029587842,999,-1,1,4,true,1,-1
309,1,37021.469361435775,8570.946029587842,999,-1,1,4,true,1,-1
310,1,37039.49607934473,8570.946001418939,999,-1,1,4,true,1,-1
310,1,37039.49607934473,8570.946001418939,999,-1,1,4,true,1,-1
311,1,37057.52279716318,8570.94597324863,999,-1,1,4,true,1,-1
311,1,37057.52279716318,8570.94597324863,999,-1,1,4,true,1,-1
312,1,37075.54951489111,8570.945945078669,999,-1,1,4,true,1,-1
312,1,37075.54951489111,8570.945945078669,999,-1,1,4,true,1,-1
313,1,37093.57623252737,8570.94591690906,999,-1,1,2,true,1,-1
313,1,37093.57623252737,8570.94591690906,999,-1,1,2,true,1,-1
314,1,37111.60295007302,8570.945888739105,999,-1,1,4,true,1,-1
314,1,37111.60295007302,8570.945888739105,999,-1,1,4,true,1,-1
315,1,37129.62966752797,8570.945860569846,999,-1,1,4,true,1,-1
315,1,37129.62966752797,8570.945860569846,999,-1,1,4,true,1,-1
316,1,37147.6563848922,8570.945832399888,999,-1,1,4,true,1,-1
316,1,37147.6563848922,8570.945832399888,999,-1,1,4,true,1,-1
317,1,37165.68310216567,8570.945804229576,999,-1,1,4,true,1,-1
317,1,37165.68310216567,8570.945804229576,999,-1,1,4,true,1,-1
318,1,37183.70981934834,8570.94577605926,999,-1,1,4,true,1,-1
318,1,37183.70981934834,8570.94577605926,999,-1,1,4,true,1,-1
319,1,37201.73653644016,8570.945747888949,999,-1,1,2,true,1,-1
319,1,37201.73653644016,8570.945747888949,999,-1,1,2,true,1,-1
320,1,37219.76325344108,8570.94571971899,999,-1,1,4,true,1,-1
320,1,37219.76325344108,8570.94571971899,999,-1,1,4,true,1,-1
321,1,37237.78997035104,8570.945691548672,999,-1,1,4,true,1,-1
321,1,37237.78997035104,8570.945691548672,999,-1,1,4,true,1,-1
322,1,37255.81668717005,8570.94566337871,999,-1,1,4,true,1,-1
322,1,37255.81668717005,8570.94566337871,999,-1,1,4,true,1,-1
323,1,37273.84340389803,8570.945635208749,999,-1,1,4,true,1,-1
323,1,37273.84340389803,8570.945635208749,999,-1,1,4,true,1,-1
324,1,37291.87012053491,8570.945607038086,999,-1,1,4,true,1,-1
324,1,37291.87012053491,8570.945607038086,999,-1,1,4,true,1,-1
325,1,37309.896837079614,8570.945578868123,999,-1,1,2,true,1,-1
325,1,37309.896837079614,8570.945578868123,999,-1,1,2,true,1,-1
326,1,37327.92355353317,8570.945550698869,999,-1,1,4,true,1,-1
326,1,37327.92355353317,8570.945550698869,999,-1,1,4,true,1,-1
327,1,37345.950269895526,8570.945522529615,999,-1,1,4,true,1,-1
327,1,37345.950269895526,8570.945522529615,999,-1,1,4,true,1,-1
328,1,37363.976986166614,8570.945494360009,999,-1,1,4,true,1,-1
328,1,37363.976986166614,8570.945494360009,999,-1,1,4,true,1,-1
329,1,37382.003702346425,8570.945466190404,999,-1,1,4,true,1,-1
329,1,37382.003702346425,8570.945466190404,999,-1,1,4,true,1,-1
330,1,37400.030418434915,8570.945438020794,999,-1,1,4,true,1,-1
330,1,37400.030418434915,8570.945438020794,999,-1,1,4,true,1,-1
331,1,37418.05713443202,8570.945409851194,999,-1,1,2,true,1,-1
331,1,37418.05713443202,8570.945409851194,999,-1,1,2,true,1,-1
332,1,37436.08385033769,8570.945381680876,999,-1,1,4,true,1,-1
332,1,37436.08385033769,8570.945381680876,999,-1,1,4,true,1,-1
333,1,37454.11056615188,8570.945353511623,999,-1,1,4,true,1,-1
333,1,37454.11056615188,8570.945353511623,999,-1,1,4,true,1,-1
334,1,37472.13728187456,8570.945325341661,999,-1,1,4,true,1,-1
334,1,37472.13728187456,8570.945325341661,999,-1,1,4,true,1,-1
335,1,37490.163997505704,8570.945297172055,999,-1,1,4,true,1,-1
335,1,37490.163997505704,8570.945297172055,999,-1,1,4,true,1,-1
336,1,37508.19071304524,8570.945269002801,999,-1,1,4,true,1,-1
336,1,37508.19071304524,8570.945269002801,999,-1,1,4,true,1,-1
337,1,37526.21742849206,8570.945240833902,999,-1,1,2,true,1,-1
337,1,37526.21742849206,8570.945240833902,999,-1,1,2,true,1,-1
338,1,37544.2441438472,8570.945212665001,999,-1,1,4,true,1,-1
338,1,37544.2441438472,8570.945212665001,999,-1,1,4,true,1,-1
339,1,37562.270859110584,8570.945184495042,999,-1,1,4,true,1,-1
339,1,37562.270859110584,8570.945184495042,999,-1,1,4,true,1,-1
340,1,37580.29757428223,8570.945156324728,999,-1,1,4,true,1,-1
340,1,37580.29757428223,8570.945156324728,999,-1,1,4,true,1,-1
341,1,37598.324289362004,8570.945128154412,999,-1,1,4,true,1,-1
341,1,37598.324289362004,8570.945128154412,999,-1,1,4,true,1,-1
342,1,37616.35100434997,8570.945099984454,999,-1,1,4,true,1,-1
342,1,37616.35100434997,8570.945099984454,999,-1,1,4,true,1,-1
343,1,37634.377719246,8570.945071815198,999,-1,1,2,true,1,-1
343,1,37634.377719246,8570.945071815198,999,-1,1,2,true,1,-1
344,1,37652.40443405008,8570.94504364524,999,-1,1,4,true,1,-1
344,1,37652.40443405008,8570.94504364524,999,-1,1,4,true,1,-1
345,1,37670.43114876215,8570.94501547528,999,-1,1,4,true,1,-1
345,1,37670.43114876215,8570.94501547528,999,-1,1,4,true,1,-1
346,1,37688.45786338218,8570.944987305676,999,-1,1,4,true,1,-1
346,1,37688.45786338218,8570.944987305676,999,-1,1,4,true,1,-1
347,1,37706.48457791016,8570.944959136066,999,-1,1,4,true,1,-1
347,1,37706.48457791016,8570.944959136066,999,-1,1,4,true,1,-1
348,1,37724.51129234597,8570.944930966813,999,-1,1,4,true,1,-1
348,1,37724.51129234597,8570.944930966813,999,-1,1,4,true,1,-1
349,1,37742.53800668857,8570.94490279721,999,-1,1,2,true,1,-1
349,1,37742.53800668857,8570.94490279721,999,-1,1,2,true,1,-1
350,1,37760.56472093896,8570.944874627601,999,-1,1,4,true,1,-1
350,1,37760.56472093896,8570.944874627601,999,-1,1,4,true,1,-1
351,1,37778.59143509704,8570.944846457287,999,-1,1,4,true,1,-1
351,1,37778.59143509704,8570.944846457287,999,-1,1,4,true,1,-1
352,1,37796.61814916285,8570.944818287679,999,-1,1,4,true,1,-1
352,1,37796.61814916285,8570.944818287679,999,-1,1,4,true,1,-1
353,1,37814.64486313632,8570.944790117717,999,-1,1,4,true,1,-1
353,1,37814.64486313632,8570.944790117717,999,-1,1,4,true,1,-1
354,1,37832.671577017376,8570.944761948465,999,-1,1,4,true,1,-1
354,1,37832.671577017376,8570.944761948465,999,-1,1,4,true,1,-1
355,1,37850.698290805994,8570.944733779215,999,-1,1,2,true,1,-1
355,1,37850.698290805994,8570.944733779215,999,-1,1,2,true,1,-1
356,1,37868.72500450214,8570.944705609609,999,-1,1,4,true,1,-1
356,1,37868.72500450214,8570.944705609609,999,-1,1,4,true,1,-1
357,1,37886.751718105756,8570.944677439293,999,-1,1,4,true,1,-1
357,1,37886.751718105756,8570.944677439293,999,-1,1,4,true,1,-1
358,1,37904.77843161681,8570.944649268627,999,-1,1,4,true,1,-1
358,1,37904.77843161681,8570.944649268627,999,-1,1,4,true,1,-1
359,1,37922.80514503525,8570.944621099017,999,-1,1,4,true,1,-1
359,1,37922.80514503525,8570.944621099017,999,-1,1,4,true,1,-1
360,1,37940.83185836103,8570.944592929058,999,-1,1,4,true,1,-1
360,1,37940.83185836103,8570.944592929058,999,-1,1,4,true,1,-1
361,1,37958.85857159303,8570.944564759453,999,-1,1,2,true,1,-1
361,1,37958.85857159303,8570.944564759453,999,-1,1,2,true,1,-1
362,1,37976.88528473231,8570.944536589843,999,-1,1,4,true,1,-1
362,1,37976.88528473231,8570.944536589843,999,-1,1,4,true,1,-1
363,1,37994.9119977788,8570.944508420236,999,-1,1,4,true,1,-1
363,1,37994.9119977788,8570.944508420236,999,-1,1,4,true,1,-1
364,1,38012.93871073243,8570.94448025063,999,-1,1,4,true,1,-1
364,1,38012.93871073243,8570.94448025063,999,-1,1,4,true,1,-1
365,1,38030.96542359319,8570.944452081378,999,-1,1,4,true,1,-1
365,1,38030.96542359319,8570.944452081378,999,-1,1,4,true,1,-1
366,1,38048.99213636104,8570.94442391071,999,-1,1,4,true,1,-1
366,1,38048.99213636104,8570.94442391071,999,-1,1,4,true,1,-1
367,1,38067.01884903591,8570.944395741104,999,-1,1,2,true,1,-1
367,1,38067.01884903591,8570.944395741104,999,-1,1,2,true,1,-1
368,1,38085.04556161778,8570.94436757185,999,-1,1,4,true,1,-1
368,1,38085.04556161778,8570.94436757185,999,-1,1,4,true,1,-1
369,1,38103.07227410658,8570.944339401536,999,-1,1,4,true,1,-1
369,1,38103.07227410658,8570.944339401536,999,-1,1,4,true,1,-1
370,1,38121.09898650231,8570.944311232284,999,-1,1,4,true,1,-1
370,1,38121.09898650231,8570.944311232284,999,-1,1,4,true,1,-1
371,1,38139.125698804884,8570.944283062325,999,-1,1,4,true,1,-1
371,1,38139.125698804884,8570.944283062325,999,-1,1,4,true,1,-1
372,1,38157.15241101425,8570.944254892715,999,-1,1,4,true,1,-1
372,1,38157.15241101425,8570.944254892715,999,-1,1,4,true,1,-1
373,1,38175.17912312935,8570.9442267224,999,-1,1,2,true,1,-1
373,1,38175.17912312935,8570.9442267224,999,-1,1,2,true,1,-1
374,1,38193.20583515119,8570.944198552086,999,-1,1,4,true,1,-1
374,1,38193.20583515119,8570.944198552086,999,-1,1,4,true,1,-1
375,1,38211.232547079686,8570.944170382834,999,-1,1,4,true,1,-1
375,1,38211.232547079686,8570.944170382834,999,-1,1,4,true,1,-1
376,1,38229.25925891482,8570.94414221323,999,-1,1,4,true,1,-1
376,1,38229.25925891482,8570.94414221323,999,-1,1,4,true,1,-1
377,1,38247.28597065655,8570.944114043623,999,-1,1,4,true,1,-1
377,1,38247.28597065655,8570.944114043623,999,-1,1,4,true,1,-1
378,1,38265.31268230482,8570.944085872956,999,-1,1,4,true,1,-1
378,1,38265.31268230482,8570.944085872956,999,-1,1,4,true,1,-1
379,1,38283.339393859605,8570.944057703344,999,-1,1,2,true,1,-1
379,1,38283.339393859605,8570.944057703344,999,-1,1,2,true,1,-1
380,1,38301.36610532088,8570.944029533384,999,-1,1,4,true,1,-1
380,1,38301.36610532088,8570.944029533384,999,-1,1,4,true,1,-1
381,1,38319.392816688516,8570.944001363072,999,-1,1,4,true,1,-1
381,1,38319.392816688516,8570.944001363072,999,-1,1,4,true,1,-1
382,1,38337.41952796257,8570.94397319311,999,-1,1,4,true,1,-1
382,1,38337.41952796257,8570.94397319311,999,-1,1,4,true,1,-1
383,1,38355.44623914293,8570.943945023153,999,-1,1,4,true,1,-1
383,1,38355.44623914293,8570.943945023153,999,-1,1,4,true,1,-1
384,1,38373.47295022961,8570.94391685425,999,-1,1,4,true,1,-1
384,1,38373.47295022961,8570.94391685425,999,-1,1,4,true,1,-1
385,1,38391.49966122141,8570.943888684998,999,-1,1,2,true,1,-1
385,1,38391.49966122141,8570.943888684998,999,-1,1,2,true,1,-1
386,1,38409.52637211946,8570.943860515745,999,-1,1,4,true,1,-1
386,1,38409.52637211946,8570.943860515745,999,-1,1,4,true,1,-1
387,1,38427.55308292364,8570.943832345783,999,-1,1,4,true,1,-1
387,1,38427.55308292364,8570.943832345783,999,-1,1,4,true,1,-1
388,1,38445.579793633915,8570.943804176532,999,-1,1,4,true,1,-1
388,1,38445.579793633915,8570.943804176532,999,-1,1,4,true,1,-1
389,1,38463.60650425029,8570.943776006572,999,-1,1,4,true,1,-1
389,1,38463.60650425029,8570.943776006572,999,-1,1,4,true,1,-1
390,1,38481.63321477265,8570.94374783697,999,-1,1,4,true,1,-1
390,1,38481.63321477265,8570.94374783697,999,-1,1,4,true,1,-1
391,1,38499.65992520101,8570.943719666651,999,-1,1,2,true,1,-1
391,1,38499.65992520101,8570.943719666651,999,-1,1,2,true,1,-1
392,1,38517.68663553529,8570.943691497754,999,-1,1,4,true,1,-1
392,1,38517.68663553529,8570.943691497754,999,-1,1,4,true,1,-1
393,1,38535.71334577547,8570.943663327087,999,-1,1,4,true,1,-1
393,1,38535.71334577547,8570.943663327087,999,-1,1,4,true,1,-1
394,1,38553.74005592148,8570.943635157832,999,-1,1,4,true,1,-1
394,1,38553.74005592148,8570.943635157832,999,-1,1,4,true,1,-1
395,1,38571.76676597331,8570.94360698787,999,-1,1,4,true,1,-1
395,1,38571.76676597331,8570.94360698787,999,-1,1,4,true,1,-1
396,1,38589.793475930885,8570.943578818264,999,-1,1,4,true,1,-1
396,1,38589.793475930885,8570.943578818264,999,-1,1,4,true,1,-1
397,1,38607.82018579311,8570.943550649012,999,-1,1,2,true,1,-1
397,1,38607.82018579311,8570.943550649012,999,-1,1,2,true,1,-1
398,1,38625.846895561,8570.943522479758,999,-1,1,4,true,1,-1
398,1,38625.846895561,8570.943522479758,999,-1,1,4,true,1,-1
399,1,38643.87360523452,8570.94349431015,999,-1,1,4,true,1,-1
399,1,38643.87360523452,8570.94349431015,999,-1,1,4,true,1,-1
400,1,38661.90031481364,8570.943466140898,999,-1,1,4,true,1,-1
400,1,38661.90031481364,8570.943466140898,999,-1,1,4,true,1,-1
401,1,38679.927024298275,8570.943437970936,999,-1,1,4,true,1,-1
401,1,38679.927024298275,8570.943437970936,999,-1,1,4,true,1,-1
402,1,38697.95373368839,8570.943409800271,999,-1,1,4,true,1,-1
402,1,38697.95373368839,8570.943409800271,999,-1,1,4,true,1,-1
403,1,38715.98044298395,8570.943381631016,999,-1,1,2,true,1,-1
403,1,38715.98044298395,8570.943381631016,999,-1,1,2,true,1,-1
404,1,38734.007152184946,8570.943353461762,999,-1,1,4,true,1,-1
404,1,38734.007152184946,8570.943353461762,999,-1,1,4,true,1,-1
405,1,38752.0338612913,8570.94332529145,999,-1,1,4,true,1,-1
405,1,38752.0338612913,8570.94332529145,999,-1,1,4,true,1,-1
406,1,38770.06057030294,8570.943297122198,999,-1,1,4,true,1,-1
406,1,38770.06057030294,8570.943297122198,999,-1,1,4,true,1,-1
407,1,38788.08727921988,8570.943268952591,999,-1,1,4,true,1,-1
407,1,38788.08727921988,8570.943268952591,999,-1,1,4,true,1,-1
408,1,38806.113988042045,8570.943240782275,999,-1,1,4,true,1,-1
408,1,38806.113988042045,8570.943240782275,999,-1,1,4,true,1,-1
409,1,38824.140696768314,8570.943212611608,999,-1,1,2,true,1,-1
409,1,38824.140696768314,8570.943212611608,999,-1,1,2,true,1,-1
410,1,38842.16740539973,8570.943184442354,999,-1,1,4,true,1,-1
410,1,38842.16740539973,8570.943184442354,999,-1,1,4,true,1,-1
411,1,38860.194113936246,8570.943156272393,999,-1,1,4,true,1,-1
411,1,38860.194113936246,8570.943156272393,999,-1,1,4,true,1,-1
412,1,38878.220822377814,8570.943128102082,999,-1,1,4,true,1,-1
412,1,38878.220822377814,8570.943128102082,999,-1,1,4,true,1,-1
413,1,38896.247530724395,8570.943099932474,999,-1,1,4,true,1,-1
413,1,38896.247530724395,8570.943099932474,999,-1,1,4,true,1,-1
414,1,38914.27423897594,8570.943071762871,999,-1,1,4,true,1,-1
414,1,38914.27423897594,8570.943071762871,999,-1,1,4,true,1,-1
415,1,38932.30094713238,8570.94304359326,999,-1,1,2,true,1,-1
415,1,38932.30094713238,8570.94304359326,999,-1,1,2,true,1,-1
416,1,38950.327655193716,8570.943015424005,999,-1,1,4,true,1,-1
416,1,38950.327655193716,8570.943015424005,999,-1,1,4,true,1,-1
417,1,38968.354363159895,8570.9429872544,999,-1,1,4,true,1,-1
417,1,38968.354363159895,8570.9429872544,999,-1,1,4,true,1,-1
418,1,38986.38107103084,8570.942959084792,999,-1,1,4,true,1,-1
418,1,38986.38107103084,8570.942959084792,999,-1,1,4,true,1,-1
419,1,39004.40777880653,8570.94293091554,999,-1,1,4,true,1,-1
419,1,39004.40777880653,8570.94293091554,999,-1,1,4,true,1,-1
420,1,39022.43448648692,8570.942902744873,999,-1,1,4,true,1,-1
420,1,39022.43448648692,8570.942902744873,999,-1,1,4,true,1,-1
421,1,39040.461194070915,8570.942874574914,999,-1,1,2,true,1,-1
421,1,39040.461194070915,8570.942874574914,999,-1,1,2,true,1,-1
422,1,39058.48790155951,8570.942846404596,999,-1,1,4,true,1,-1
422,1,39058.48790155951,8570.942846404596,999,-1,1,4,true,1,-1
423,1,39076.51460895268,8570.942818234287,999,-1,1,4,true,1,-1
423,1,39076.51460895268,8570.942818234287,999,-1,1,4,true,1,-1
424,1,39094.54131625038,8570.942790065383,999,-1,1,4,true,1,-1
424,1,39094.54131625038,8570.942790065383,999,-1,1,4,true,1,-1
425,1,39112.568023452535,8570.94276189507,999,-1,1,4,true,1,-1
425,1,39112.568023452535,8570.94276189507,999,-1,1,4,true,1,-1
426,1,39130.594730559154,8570.942733725464,999,-1,1,4,true,1,-1
426,1,39130.594730559154,8570.942733725464,999,-1,1,4,true,1,-1
427,1,39148.62143757016,8570.942705555504,999,-1,1,2,true,1,-1
427,1,39148.62143757016,8570.942705555504,999,-1,1,2,true,1,-1
428,1,39166.6481444855,8570.942677385898,999,-1,1,4,true,1,-1
428,1,39166.6481444855,8570.942677385898,999,-1,1,4,true,1,-1
429,1,39184.67485130514,8570.942649215585,999,-1,1,4,true,1,-1
429,1,39184.67485130514,8570.942649215585,999,-1,1,4,true,1,-1
430,1,39202.70155802905,8570.942621045624,999,-1,1,4,true,1,-1
430,1,39202.70155802905,8570.942621045624,999,-1,1,4,true,1,-1
431,1,39220.72826465717,8570.942592876017,999,-1,1,4,true,1,-1
431,1,39220.72826465717,8570.942592876017,999,-1,1,4,true,1,-1
432,1,39238.75497118945,8570.942564706764,999,-1,1,4,true,1,-1
432,1,39238.75497118945,8570.942564706764,999,-1,1,4,true,1,-1
433,1,39256.78167762483,8570.942536536448,999,-1,1,2,true,1,-1
433,1,39256.78167762483,8570.942536536448,999,-1,1,2,true,1,-1
434,1,39274.808383964264,8570.942508366488,999,-1,1,4,true,1,-1
434,1,39274.808383964264,8570.942508366488,999,-1,1,4,true,1,-1
435,1,39292.83509020772,8570.942480196529,999,-1,1,4,true,1,-1
435,1,39292.83509020772,8570.942480196529,999,-1,1,4,true,1,-1
436,1,39310.861796355195,8570.94245202692,999,-1,1,4,true,1,-1
436,1,39310.861796355195,8570.94245202692,999,-1,1,4,true,1,-1
437,1,39328.88850240665,8570.942423858021,999,-1,1,4,true,1,-1
437,1,39328.88850240665,8570.942423858021,999,-1,1,4,true,1,-1
438,1,39346.91520836195,8570.942395687709,999,-1,1,4,true,1,-1
438,1,39346.91520836195,8570.942395687709,999,-1,1,4,true,1,-1
439,1,39364.94191422115,8570.942367518457,999,-1,1,2,true,1,-1
439,1,39364.94191422115,8570.942367518457,999,-1,1,2,true,1,-1
440,1,39382.96861998416,8570.942339349198,999,-1,1,4,true,1,-1
440,1,39382.96861998416,8570.942339349198,999,-1,1,4,true,1,-1
441,1,39400.995325650954,8570.942311179591,999,-1,1,4,true,1,-1
441,1,39400.995325650954,8570.942311179591,999,-1,1,4,true,1,-1
442,1,39419.022031221466,8570.94228300928,999,-1,1,4,true,1,-1
442,1,39419.022031221466,8570.94228300928,999,-1,1,4,true,1,-1
443,1,39437.04873669567,8570.94225483932,999,-1,1,4,true,1,-1
443,1,39437.04873669567,8570.94225483932,999,-1,1,4,true,1,-1
444,1,39455.075442073525,8570.942226669362,999,-1,1,4,true,1,-1
444,1,39455.075442073525,8570.942226669362,999,-1,1,4,true,1,-1
445,1,39473.10214735389,8570.9421984994,999,-1,1,2,true,1,-1
445,1,39473.10214735389,8570.9421984994,999,-1,1,2,true,1,-1
446,1,39491.128852537826,8570.94217033015,999,-1,1,4,true,1,-1
446,1,39491.128852537826,8570.94217033015,999,-1,1,4,true,1,-1
447,1,39509.15555762527,8570.94214216054,999,-1,1,4,true,1,-1
447,1,39509.15555762527,8570.94214216054,999,-1,1,4,true,1,-1
448,1,39527.182262616196,8570.942113990579,999,-1,1,4,true,1,-1
448,1,39527.182262616196,8570.942113990579,999,-1,1,4,true,1,-1
449,1,39545.20896751054,8570.94208582062,999,-1,1,4,true,1,-1
449,1,39545.20896751054,8570.94208582062,999,-1,1,4,true,1,-1
450,1,39563.23567230823,8570.942057651011,999,-1,1,4,true,1,-1
450,1,39563.23567230823,8570.942057651011,999,-1,1,4,true,1,-1
451,1,39581.262377009276,8570.942029479995,999,-1,1,2,true,1,-1
451,1,39581.262377009276,8570.942029479995,999,-1,1,2,true,1,-1
452,1,39599.28908161362,8570.942001310741,999,-1,1,4,true,1,-1
452,1,39599.28908161362,8570.942001310741,999,-1,1,4,true,1,-1
453,1,39617.3157861212,8570.94197314113,999,-1,1,4,true,1,-1
453,1,39617.3157861212,8570.94197314113,999,-1,1,4,true,1,-1
454,1,39635.34249053197,8570.941944971526,999,-1,1,4,true,1,-1
454,1,39635.34249053197,8570.941944971526,999,-1,1,4,true,1,-1
455,1,39653.369194845916,8570.941916802272,999,-1,1,4,true,1,-1
455,1,39653.369194845916,8570.941916802272,999,-1,1,4,true,1,-1
456,1,39671.395899062976,8570.94188863302,999,-1,1,4,true,1,-1
456,1,39671.395899062976,8570.94188863302,999,-1,1,4,true,1,-1
457,1,39689.42260318202,8570.94186046306,999,-1,1,2,true,1,-1
457,1,39689.42260318202,8570.94186046306,999,-1,1,2,true,1,-1
458,1,39707.44930720414,8570.941832293804,999,-1,1,4,true,1,-1
458,1,39707.44930720414,8570.941832293804,999,-1,1,4,true,1,-1
459,1,39725.4760111292,8570.941804123842,999,-1,1,4,true,1,-1
459,1,39725.4760111292,8570.941804123842,999,-1,1,4,true,1,-1
460,1,39743.50271495721,8570.941775954592,999,-1,1,4,true,1,-1
460,1,39743.50271495721,8570.941775954592,999,-1,1,4,true,1,-1
461,1,39761.529418688115,8570.941747785339,999,-1,1,4,true,1,-1
461,1,39761.529418688115,8570.941747785339,999,-1,1,4,true,1,-1
462,1,39779.55612232185,8570.941719615023,999,-1,1,4,true,1,-1
462,1,39779.55612232185,8570.941719615023,999,-1,1,4,true,1,-1
463,1,39797.58282585841,8570.941691445063,999,-1,1,2,true,1,-1
463,1,39797.58282585841,8570.941691445063,999,-1,1,2,true,1,-1
464,1,39815.60952929774,8570.941663275102,999,-1,1,4,true,1,-1
464,1,39815.60952929774,8570.941663275102,999,-1,1,4,true,1,-1
465,1,39833.63623263975,8570.94163510585,999,-1,1,4,true,1,-1
465,1,39833.63623263975,8570.94163510585,999,-1,1,4,true,1,-1
466,1,39851.66293588449,8570.94160693589,999,-1,1,4,true,1,-1
466,1,39851.66293588449,8570.94160693589,999,-1,1,4,true,1,-1
467,1,39869.68963903181,8570.94157876699,999,-1,1,4,true,1,-1
467,1,39869.68963903181,8570.94157876699,999,-1,1,4,true,1,-1
468,1,39887.71634208172,8570.941550597734,999,-1,1,4,true,1,-1
468,1,39887.71634208172,8570.941550597734,999,-1,1,4,true,1,-1
469,1,39905.743045033145,8570.941522428837,999,-1,1,2,true,1,-1
469,1,39905.743045033145,8570.941522428837,999,-1,1,2,true,1,-1
470,1,39923.76974788703,8570.94149426029,999,-1,1,4,true,1,-1
470,1,39923.76974788703,8570.94149426029,999,-1,1,4,true,1,-1
471,1,39941.79645064337,8570.941466089978,999,-1,1,4,true,1,-1
471,1,39941.79645064337,8570.941466089978,999,-1,1,4,true,1,-1
472,1,39959.823153302146,8570.94143791966,999,-1,1,4,true,1,-1
472,1,39959.823153302146,8570.94143791966,999,-1,1,4,true,1,-1
473,1,39977.849855863285,8570.94140974935,999,-1,1,4,true,1,-1
473,1,39977.849855863285,8570.94140974935,999,-1,1,4,true,1,-1
474,1,39995.87655832672,8570.941381579389,999,-1,1,4,true,1,-1
474,1,39995.87655832672,8570.941381579389,999,-1,1,4,true,1,-1
475,1,40013.903260692445,8570.941353410135,999,-1,1,2,true,1,-1
475,1,40013.903260692445,8570.941353410135,999,-1,1,2,true,1,-1
476,1,40031.92996296039,8570.941325240528,999,-1,1,4,true,1,-1
476,1,40031.92996296039,8570.941325240528,999,-1,1,4,true,1,-1
477,1,40049.95666513055,8570.941297070924,999,-1,1,4,true,1,-1
477,1,40049.95666513055,8570.941297070924,999,-1,1,4,true,1,-1
478,1,40067.98336720284,8570.941268900962,999,-1,1,4,true,1,-1
478,1,40067.98336720284,8570.941268900962,999,-1,1,4,true,1,-1
479,1,40086.01006917723,8570.941240731001,999,-1,1,4,true,1,-1
479,1,40086.01006917723,8570.941240731001,999,-1,1,4,true,1,-1
480,1,40104.03677105369,8570.941212561042,999,-1,1,4,true,1,-1
480,1,40104.03677105369,8570.941212561042,999,-1,1,4,true,1,-1
481,1,40122.06347283108,8570.941184391788,999,-1,1,2,true,1,-1
481,1,40122.06347283108,8570.941184391788,999,-1,1,2,true,1,-1
482,1,40140.09017451043,8570.94115622183,999,-1,1,4,true,1,-1
482,1,40140.09017451043,8570.94115622183,999,-1,1,4,true,1,-1
483,1,40158.11687609175,8570.941128052575,999,-1,1,4,true,1,-1
483,1,40158.11687609175,8570.941128052575,999,-1,1,4,true,1,-1
484,1,40176.14357757491,8570.941099882968,999,-1,1,4,true,1,-1
484,1,40176.14357757491,8570.941099882968,999,-1,1,4,true,1,-1
485,1,40194.17027895992,8570.941071712652,999,-1,1,4,true,1,-1
485,1,40194.17027895992,8570.941071712652,999,-1,1,4,true,1,-1
486,1,40212.19698024672,8570.941043542694,999,-1,1,4,true,1,-1
486,1,40212.19698024672,8570.941043542694,999,-1,1,4,true,1,-1
487,1,40230.22368143529,8570.941015372735,999,-1,1,2,true,1,-1
487,1,40230.22368143529,8570.941015372735,999,-1,1,2,true,1,-1
488,1,40248.25038252552,8570.940987203126,999,-1,1,4,true,1,-1
488,1,40248.25038252552,8570.940987203126,999,-1,1,4,true,1,-1
489,1,40266.27708351744,8570.940959033873,999,-1,1,4,true,1,-1
489,1,40266.27708351744,8570.940959033873,999,-1,1,4,true,1,-1
490,1,40284.30378441097,8570.940930863913,999,-1,1,4,true,1,-1
490,1,40284.30378441097,8570.940930863913,999,-1,1,4,true,1,-1
491,1,40302.330485206054,8570.940902693954,999,-1,1,4,true,1,-1
491,1,40302.330485206054,8570.940902693954,999,-1,1,4,true,1,-1
492,1,40320.35718590271,8570.9408745247,999,-1,1,4,true,1,-1
492,1,40320.35718590271,8570.9408745247,999,-1,1,4,true,1,-1
493,1,40338.383886499774,8570.940846355092,999,-1,1,2,true,1,-1
493,1,40338.383886499774,8570.940846355092,999,-1,1,2,true,1,-1
494,1,40356.41058699825,8570.940818185136,999,-1,1,4,true,1,-1
494,1,40356.41058699825,8570.940818185136,999,-1,1,4,true,1,-1
495,1,40374.43728739815,8570.94079001552,999,-1,1,4,true,1,-1
495,1,40374.43728739815,8570.94079001552,999,-1,1,4,true,1,-1
496,1,40392.46398769937,8570.940761845917,999,-1,1,4,true,1,-1
496,1,40392.46398769937,8570.940761845917,999,-1,1,4,true,1,-1
497,1,40410.49068790192,8570.940733675603,999,-1,1,4,true,1,-1
497,1,40410.49068790192,8570.940733675603,999,-1,1,4,true,1,-1
498,1,40428.517388005734,8570.940705506351,999,-1,1,4,true,1,-1
498,1,40428.517388005734,8570.940705506351,999,-1,1,4,true,1,-1
499,1,40446.54408801076,8570.940677336395,999,-1,1,2,true,1,-1
499,1,40446.54408801076,8570.940677336395,999,-1,1,2,true,1,-1
