Timestamp,ID,Lng,Lat,SINR,CQI,Route Distance
1,1,-103.0109444,48.0154367,0.0,0,18.0
2,1,-103.0109444,48.0152748,69.835242,13,36.0
3,1,-103.0109444,48.0151129,69.835242,13,54.0
4,1,-103.0109444,48.014951,68.416297,13,72.0
5,1,-103.0109444,48.0147892,67.717726,13,90.0
6,1,-103.0109444,48.0146273,67.0264,13,108.0
7,1,-103.0109444,48.0144654,67.0264,13,126.0
8,1,-103.0109444,48.0143035,65.665397,13,144.0
9,1,-103.0109444,48.0141416,64.99567,13,162.0
10,1,-103.0109444,48.0141416,64.333087,13,162.0
11,1,-103.0109444,48.0141416,64.333087,13,162.0
12,1,-103.0109444,48.0141416,64.333087,13,162.0
13,1,-103.0109444,48.0141416,64.333087,13,162.0
14,1,-103.0109444,48.0141416,64.333087,13,162.0
15,1,-103.0109444,48.0139797,64.333087,13,180.0
16,1,-103.0109444,48.0138179,64.333087,13,198.0
17,1,-103.0109444,48.013656,63.029223,13,216.0
18,1,-103.0107031,48.013656,62.387871,13,234.0
19,1,-103.0104618,48.013656,62.972337,13,252.0
20,1,-103.0102206,48.013656,63.561736,13,270.0
21,1,-103.0099793,48.013656,63.561736,13,288.0
22,1,-103.009738,48.013656,64.755248,13,306.0
23,1,-103.0094968,48.013656,64.755248,13,324.0
24,1,-103.0092555,48.013656,65.968197,13,342.0
25,1,-103.0090142,48.013656,66.581879,13,360.0
26,1,-103.008773,48.013656,66.581879,13,378.0
27,1,-103.0085317,48.013656,67.823462,13,396.0
28,1,-103.0082904,48.013656,68.451273,13,414.0
29,1,-103.0080492,48.013656,68.451273,13,432.0
30,1,-103.0078079,48.013656,69.720678,13,450.0
31,1,-103.0075666,48.013656,70.362156,13,468.0
32,1,-103.0073254,48.013656,70.362156,13,486.0
33,1,-103.0070841,48.013656,71.658343,13,504.0
34,1,-103.0068428,48.013656,72.312907,13,522.0
35,1,-103.0066016,48.013656,72.312907,13,540.0
36,1,-103.0063603,48.013656,73.634581,13,558.0
37,1,-103.006119,48.013656,73.634581,13,576.0
38,1,-103.0058777,48.013656,74.972393,13,594.0
39,1,-103.0056365,48.013656,75.647109,13,612.0
40,1,-103.0053952,48.013656,76.325559,13,630.0
41,1,-103.0051539,48.013656,77.007631,13,648.0
42,1,-103.0049127,48.013656,77.007631,13,666.0
43,1,-103.0046714,48.013656,78.382159,14,684.0
44,1,-103.0044301,48.013656,79.074361,14,702.0
45,1,-103.0041889,48.013656,79.769673,14,720.0
46,1,-103.0039476,48.013656,80.467953,14,738.0
47,1,-103.0037063,48.013656,81.16905,14,756.0
48,1,-103.0034651,48.013656,81.16905,14,774.0
49,1,-103.0032238,48.013656,82.579063,14,792.0
50,1,-103.0029825,48.013656,83.287643,14,810.0
51,1,-103.0027413,48.013656,83.998372,14,828.0
52,1,-103.0025,48.013656,84.711064,14,846.0
53,1,-103.0022587,48.013656,85.425528,14,864.0
54,1,-103.0020174,48.013656,85.425528,14,882.0
55,1,-103.0017762,48.013656,86.858963,14,900.0
56,1,-103.0015349,48.013656,87.577514,14,918.0
57,1,-103.0012936,48.013656,88.296994,14,936.0
58,1,-103.0010524,48.013656,88.296994,14,954.0
59,1,-103.0008111,48.013656,89.737817,14,972.0
60,1,-103.0005698,48.013656,89.737817,14,990.0
61,1,-103.0003286,48.013656,91.179506,14,1008.0
62,1,-103.0000873,48.013656,91.900041,15,1026.0
63,1,-102.999846,48.013656,92.620016,15,1044.0
64,1,-102.9996048,48.013656,93.339156,15,1062.0
65,1,-102.9993635,48.013656,94.05718,15,1080.0
66,1,-102.9991222,48.013656,94.773797,15,1098.0
67,1,-102.998881,48.013656,94.773797,15,1116.0
68,1,-102.9986397,48.013656,96.201619,15,1134.0
69,1,-102.9983984,48.013656,96.912208,15,1152.0
70,1,-102.9981572,48.013656,97.620162,15,1170.0
71,1,-102.9979159,48.013656,98.325154,15,1188.0
72,1,-102.9976746,48.013656,99.026853,15,1206.0
73,1,-102.9974333,48.013656,99.724922,15,1224.0
74,1,-102.9971921,48.013656,100.419016,15,1242.0
75,1,-102.9969508,48.013656,101.108785,15,1260.0
76,1,-102.9967095,48.013656,101.793873,15,1278.0
77,1,-102.9964683,48.013656,102.473919,15,1296.0
78,1,-102.996227,48.013656,102.473919,15,1314.0
79,1,-102.9959857,48.013656,103.817411,15,1332.0
80,1,-102.9957445,48.013656,104.48011,15,1350.0
81,1,-102.9955032,48.013656,105.136272,15,1368.0
82,1,-102.9952619,48.013656,105.136272,15,1386.0
83,1,-102.9950207,48.013656,106.427446,15,1404.0
84,1,-102.9947794,48.013656,107.061679,15,1422.0
85,1,-102.9945381,48.013656,107.687821,15,1440.0
86,1,-102.9942969,48.013656,108.305477,15,1458.0
87,1,-102.9940556,48.013656,108.914248,15,1476.0
88,1,-102.9938143,48.013656,109.513738,15,1494.0
89,1,-102.993573,48.013656,110.103549,15,1512.0
90,1,-102.9933318,48.013656,110.683282,15,1530.0
91,1,-102.9930905,48.013656,111.25254,15,1548.0
92,1,-102.9928492,48.013656,111.25254,15,1566.0
93,1,-102.992608,48.013656,112.358042,15,1584.0
94,1,-102.9923667,48.013656,112.893499,15,1602.0
95,1,-102.9921254,48.013656,112.893499,15,1620.0
96,1,-102.9918842,48.013656,113.927875,15,1638.0
97,1,-102.9916429,48.013656,114.426025,15,1656.0
98,1,-102.9914016,48.013656,114.910979,15,1674.0
99,1,-102.9911604,48.0136559,115.382363,15,1692.0
100,1,-102.9909191,48.0136559,115.839812,15,1710.0
101,1,-102.9906778,48.0136559,116.282966,15,1728.0
102,1,-102.9904366,48.0136559,116.282966,15,1746.0
103,1,-102.9901953,48.0136559,117.124986,15,1764.0
104,1,-102.989954,48.0136559,117.523173,15,1782.0
105,1,-102.9897128,48.0136559,117.905706,15,1800.0
106,1,-102.9894715,48.0136559,117.905706,15,1818.0
107,1,-102.9892302,48.0136559,118.622554,15,1836.0
108,1,-102.9889889,48.0136559,118.956266,15,1854.0
109,1,-102.9887477,48.0136559,119.273124,15,1872.0
110,1,-102.9885064,48.0136559,119.572854,15,1890.0
111,1,-102.9882651,48.0136559,119.572854,15,1908.0
112,1,-102.9880239,48.0136559,120.119912,15,1926.0
113,1,-102.9877826,48.0136559,120.366764,15,1944.0
114,1,-102.9875413,48.0136559,120.366764,15,1962.0
115,1,-102.9873001,48.0136559,120.806028,15,1980.0
116,1,-102.9870588,48.0136559,120.998051,15,1998.0
117,1,-102.9868175,48.0136559,120.998051,15,2016.0
118,1,-102.9865763,48.0136559,121.326022,15,2034.0
119,1,-102.986335,48.0136559,121.461674,15,2052.0
120,1,-102.9860937,48.0136559,121.57827,15,2070.0
121,1,-102.9858525,48.0136559,121.675704,15,2088.0
122,1,-102.9856112,48.0136559,121.753886,15,2106.0
123,1,-102.9853699,48.0136559,121.753886,15,2124.0
124,1,-102.9851286,48.0136559,121.85223,15,2142.0
125,1,-102.9848874,48.0136559,121.85223,15,2160.0
126,1,-102.9846461,48.0136559,121.872944,15,2178.0
127,1,-102.9844048,48.0136559,121.854155,15,2196.0
128,1,-102.9841636,48.0136559,121.815952,15,2214.0
129,1,-102.9839223,48.0136559,121.815952,15,2232.0
130,1,-102.983681,48.0136559,121.681464,15,2250.0
131,1,-102.9834398,48.0136559,121.5853,15,2268.0
132,1,-102.9831985,48.0136559,121.469967,15,2286.0
133,1,-102.9829572,48.0136559,121.469967,15,2304.0
134,1,-102.982716,48.0136559,121.182228,15,2322.0
135,1,-102.9824747,48.0136559,121.010083,15,2340.0
136,1,-102.9822334,48.0136559,121.010083,15,2358.0
137,1,-102.9819922,48.0136559,120.61001,15,2376.0
138,1,-102.9817509,48.0136559,120.382438,15,2394.0
139,1,-102.9815096,48.0136559,120.136775,15,2412.0
140,1,-102.9812684,48.0136559,119.873234,15,2430.0
141,1,-102.9810271,48.0136559,119.592046,15,2448.0
142,1,-102.9807858,48.0136559,119.592046,15,2466.0
143,1,-102.9805445,48.0136559,118.977723,15,2484.0
144,1,-102.9803033,48.0136559,118.645115,15,2502.0
145,1,-102.980062,48.0136559,118.295916,15,2520.0
146,1,-102.9798207,48.0136559,118.295916,15,2538.0
147,1,-102.9795795,48.0136559,117.548932,15,2556.0
148,1,-102.9793382,48.0136559,117.15177,15,2574.0
149,1,-102.9790969,48.0136559,117.15177,15,2592.0
150,1,-102.9788557,48.0136559,116.311731,15,2610.0
151,1,-102.9786144,48.0136559,116.311731,15,2628.0
152,1,-102.9783731,48.0136559,115.413019,15,2646.0
153,1,-102.9781319,48.0136559,115.413019,15,2664.0
154,1,-102.9778906,48.0136559,114.458476,15,2682.0
155,1,-102.9776493,48.0136559,114.458476,15,2700.0
156,1,-102.9774081,48.0136559,113.451051,15,2718.0
157,1,-102.9771668,48.0136559,113.451051,15,2736.0
158,1,-102.9769255,48.0136559,112.393781,15,2754.0
159,1,-102.9766842,48.0136559,112.393781,15,2772.0
160,1,-102.976443,48.0136559,111.28977,15,2790.0
161,1,-102.9762017,48.0136559,110.721218,15,2808.0
162,1,-102.9759604,48.0136559,110.142165,15,2826.0
163,1,-102.9757192,48.0136559,109.553008,15,2844.0
164,1,-102.9754779,48.0136559,109.553008,15,2862.0
165,1,-102.9752366,48.0136559,108.345974,15,2880.0
166,1,-102.9749954,48.0136559,108.345974,15,2898.0
167,1,-102.9747541,48.0136559,107.1033,15,2916.0
168,1,-102.9745128,48.0136559,107.1033,15,2934.0
169,1,-102.9742716,48.0136559,105.828153,15,2952.0
170,1,-102.9740303,48.0136559,105.179383,15,2970.0
171,1,-102.973789,48.0136559,105.179383,15,2988.0
172,1,-102.9735478,48.0136559,103.861387,15,3006.0
173,1,-102.9733065,48.0136559,103.192926,15,3024.0
174,1,-102.9730652,48.0136559,102.51866,15,3042.0
175,1,-102.972824,48.0136559,101.838961,15,3060.0
176,1,-102.9725827,48.0136559,101.154194,15,3078.0
177,1,-102.9723414,48.0136559,100.464724,15,3096.0
178,1,-102.9721001,48.0136559,99.770904,15,3114.0
179,1,-102.9718589,48.0136559,99.073087,15,3132.0
180,1,-102.9716176,48.0136559,99.073087,15,3150.0
181,1,-102.9713763,48.0136559,97.666833,15,3168.0
182,1,-102.9711351,48.0136559,96.959065,15,3186.0
183,1,-102.9708938,48.0136559,96.24864,15,3204.0
184,1,-102.9706525,48.0136559,96.24864,15,3222.0
185,1,-102.9704113,48.0136559,94.821085,15,3240.0
186,1,-102.97017,48.0136559,94.104571,15,3258.0
187,1,-102.9699287,48.0136559,93.386631,15,3276.0
188,1,-102.9696875,48.0136559,92.667556,15,3294.0
189,1,-102.9694462,48.0136559,91.947627,15,3312.0
190,1,-102.9692049,48.0136559,91.227121,14,3330.0
191,1,-102.9689637,48.0136559,90.506304,14,3348.0
192,1,-102.9687224,48.0136559,90.506304,14,3366.0
193,1,-102.9684811,48.0136559,89.064773,14,3384.0
194,1,-102.9682398,48.0136559,88.344555,14,3402.0
195,1,-102.9679986,48.0136559,88.344555,14,3420.0
196,1,-102.9677573,48.0136559,86.906402,14,3438.0
197,1,-102.967516,48.0136559,86.188919,14,3456.0
198,1,-102.9672748,48.0136559,86.188919,14,3474.0
199,1,-102.9670335,48.0136559,84.758214,14,3492.0
200,1,-102.9667922,48.0136559,84.045398,14,3510.0
201,1,-102.966551,48.0136559,84.045398,14,3528.0
202,1,-102.9663097,48.0136559,82.625806,14,3546.0
203,1,-102.9660684,48.0136559,81.919393,14,3564.0
204,1,-102.9658272,48.0136559,81.215465,14,3582.0
205,1,-102.9655859,48.0136559,80.514187,14,3600.0
206,1,-102.9653446,48.0136559,80.514187,14,3618.0
207,1,-102.9651034,48.0136559,79.120203,14,3636.0
208,1,-102.9648621,48.0136559,78.427791,14,3654.0
209,1,-102.9646208,48.0136559,77.738619,13,3672.0
210,1,-102.9643796,48.0136559,77.052818,13,3690.0
211,1,-102.9641383,48.0136559,77.052818,13,3708.0
212,1,-102.963897,48.0136559,75.691818,13,3726.0
213,1,-102.9636557,48.0136559,75.016851,13,3744.0
214,1,-102.9634145,48.0136559,75.016851,13,3762.0
215,1,-102.9631732,48.0136559,73.678519,13,3780.0
216,1,-102.9629319,48.0136559,73.678519,13,3798.0
217,1,-102.9626907,48.0136559,72.3563,13,3816.0
218,1,-102.9624494,48.0136559,71.701456,13,3834.0
219,1,-102.9622081,48.0136559,71.050895,13,3852.0
220,1,-102.9619669,48.0136559,71.050895,13,3870.0
221,1,-102.9617256,48.0136559,69.76292,13,3888.0
222,1,-102.9614843,48.0136559,69.12564,13,3906.0
223,1,-102.9612431,48.0136559,68.492913,13,3924.0
224,1,-102.9610018,48.0136559,68.492913,13,3942.0
225,1,-102.9607605,48.0136559,67.241339,13,3960.0
226,1,-102.9605193,48.0136559,67.241339,13,3978.0
227,1,-102.960278,48.0136559,66.008593,13,3996.0
228,1,-102.9600367,48.0136559,65.399387,13,4014.0
229,1,-102.9597954,48.0136559,64.795007,13,4032.0
230,1,-102.9595542,48.0136559,64.795007,13,4050.0
231,1,-102.9593129,48.0136559,63.600849,13,4068.0
232,1,-102.9590716,48.0136559,63.600849,13,4086.0
233,1,-102.9588304,48.0136559,62.426332,13,4104.0
234,1,-102.9585891,48.0136559,61.846491,13,4122.0
235,1,-102.9583478,48.0136559,61.271617,13,4140.0
236,1,-102.9581066,48.0136559,60.701722,13,4158.0
237,1,-102.9578653,48.0136559,60.136815,13,4176.0
238,1,-102.957624,48.0136559,59.576905,13,4194.0
239,1,-102.9573828,48.0136559,59.576905,13,4212.0
240,1,-102.9571415,48.0136559,58.472084,13,4230.0
241,1,-102.9569002,48.0136559,58.472084,13,4248.0
242,1,-102.956659,48.0136559,57.387267,13,4266.0
243,1,-102.9564177,48.0136559,56.852351,13,4284.0
244,1,-102.9561764,48.0136559,56.852351,13,4302.0
245,1,-102.9559352,48.0136559,55.797468,13,4320.0
246,1,-102.9556939,48.0136559,55.797468,13,4338.0
247,1,-102.9554526,48.0136559,54.762448,13,4356.0
248,1,-102.9552113,48.0136559,54.252354,13,4374.0
249,1,-102.9549701,48.0136559,54.252354,13,4392.0
250,1,-102.9547288,48.0136559,53.246916,13,4410.0
251,1,-102.9544875,48.0136559,52.751535,13,4428.0
252,1,-102.9542463,48.0136559,52.261019,13,4446.0
253,1,-102.954005,48.0136559,52.261019,13,4464.0
254,1,-102.9537637,48.0136559,51.294492,13,4482.0
255,1,-102.9535225,48.0136559,55.927206,13,4500.0
256,1,-102.9532812,48.0136559,55.927206,13,4518.0
257,1,-102.9530399,48.0136559,56.984555,13,4536.0
258,1,-102.9527987,48.0136559,56.984555,13,4554.0
259,1,-102.9525574,48.0136559,58.061854,13,4572.0
260,1,-102.9523161,48.0136559,58.608,13,4590.0
261,1,-102.9520749,48.0136559,58.608,13,4608.0
262,1,-102.9518336,48.0136559,59.715297,13,4626.0
263,1,-102.9515923,48.0136559,59.715297,13,4644.0
264,1,-102.951351,48.0136559,60.842587,13,4662.0
265,1,-102.9511098,48.0136559,61.413716,13,4680.0
266,1,-102.9508685,48.0136559,61.989821,13,4698.0
267,1,-102.9506272,48.0136559,62.570889,13,4716.0
268,1,-102.950386,48.0136559,63.156904,13,4734.0
269,1,-102.9501447,48.0136559,63.156904,13,4752.0
270,1,-102.9499034,48.0136559,64.343693,13,4770.0
271,1,-102.9496622,48.0136559,64.94442,13,4788.0
272,1,-102.9494209,48.0136559,64.94442,13,4806.0
273,1,-102.9491796,48.0136559,66.160393,13,4824.0
274,1,-102.9489384,48.0136559,66.775569,13,4842.0
275,1,-102.9486971,48.0136559,67.395486,13,4860.0
276,1,-102.9484558,48.0136559,68.0201,13,4878.0
277,1,-102.9482146,48.0136559,68.649362,13,4896.0
278,1,-102.9479733,48.0136559,69.28322,13,4914.0
279,1,-102.947732,48.0136559,69.921617,13,4932.0
280,1,-102.9474908,48.0136559,70.564491,13,4950.0
281,1,-102.9472495,48.0136559,70.564491,13,4968.0
282,1,-102.9470082,48.0136559,71.863404,13,4986.0
283,1,-102.9467669,48.0136559,72.519295,13,5004.0
284,1,-102.9465257,48.0136559,73.17937,13,5022.0
285,1,-102.9462844,48.0136559,73.843543,13,5040.0
286,1,-102.9460431,48.0136559,73.843543,13,5058.0
287,1,-102.9458019,48.0136559,75.183811,13,5076.0
288,1,-102.9455606,48.0136559,75.859708,13,5094.0
289,1,-102.9453193,48.0136559,76.539303,13,5112.0
290,1,-102.9450781,48.0136559,77.222483,13,5130.0
291,1,-102.9448368,48.0136559,77.909128,14,5148.0
292,1,-102.9445955,48.0136559,78.59911,14,5166.0
293,1,-102.9443543,48.0136559,78.59911,14,5184.0
294,1,-102.944113,48.0136559,79.988554,14,5202.0
295,1,-102.9438717,48.0136559,80.687729,14,5220.0
296,1,-102.9436305,48.0136559,81.389674,14,5238.0
297,1,-102.9433892,48.0136559,82.094228,14,5256.0
298,1,-102.9431479,48.0136559,82.094228,14,5274.0
299,1,-102.9429066,48.0136559,83.510494,14,5292.0
300,1,-102.9426654,48.0136559,83.510494,14,5310.0
301,1,-102.9424241,48.0136559,84.935117,14,5328.0
302,1,-102.9421828,48.0136559,85.650089,14,5346.0
303,1,-102.9419416,48.0136559,86.366569,14,5364.0
304,1,-102.9417003,48.0136559,86.366569,14,5382.0
305,1,-102.941459,48.0136559,87.803207,14,5400.0
306,1,-102.9412178,48.0136559,88.522925,14,5418.0
307,1,-102.9409765,48.0136559,89.243269,14,5436.0
308,1,-102.9407352,48.0136559,89.964,14,5454.0
309,1,-102.940494,48.0136559,89.964,14,5472.0
310,1,-102.9402527,48.0136559,91.405627,14,5490.0
311,1,-102.9400114,48.0136559,92.126007,15,5508.0
312,1,-102.9397702,48.0136559,92.126007,15,5526.0
313,1,-102.9395289,48.0136559,93.564553,15,5544.0
314,1,-102.9392876,48.0136559,94.282158,15,5562.0
315,1,-102.9390464,48.0136559,94.998265,15,5580.0
316,1,-102.9388051,48.0136559,94.998265,15,5598.0
317,1,-102.9385638,48.0136559,96.424777,15,5616.0
318,1,-102.9383225,48.0136559,96.424777,15,5634.0
319,1,-102.9380813,48.0136559,97.841613,15,5652.0
320,1,-102.93784,48.0136559,98.545598,15,5670.0
321,1,-102.9375987,48.0136559,98.545598,15,5688.0
322,1,-102.9373575,48.0136559,99.943032,15,5706.0
323,1,-102.9371162,48.0136559,100.635796,15,5724.0
324,1,-102.9368749,48.0136559,101.324124,15,5742.0
325,1,-102.9366337,48.0136559,102.007657,15,5760.0
326,1,-102.9363924,48.0136559,102.007657,15,5778.0
327,1,-102.9361511,48.0136559,103.358884,15,5796.0
328,1,-102.9359099,48.0136559,104.025837,15,5814.0
329,1,-102.9356686,48.0136559,104.686513,15,5832.0
330,1,-102.9354273,48.0136559,105.340532,15,5850.0
331,1,-102.9351861,48.0136559,105.987509,15,5868.0
332,1,-102.9349448,48.0136559,106.627055,15,5886.0
333,1,-102.9347035,48.0136559,107.258779,15,5904.0
334,1,-102.9344622,48.0136559,107.258779,15,5922.0
335,1,-102.934221,48.0136559,108.497183,15,5940.0
336,1,-102.9339797,48.0136559,109.103071,15,5958.0
337,1,-102.9337384,48.0136559,109.699553,15,5976.0
338,1,-102.9334972,48.0136559,110.28623,15,5994.0
339,1,-102.9332559,48.0136559,110.862704,15,6012.0
340,1,-102.9330146,48.0136559,110.862704,15,6030.0
341,1,-102.9327734,48.0136559,111.983455,15,6048.0
342,1,-102.9325321,48.0136559,111.983455,15,6066.0
343,1,-102.9322908,48.0136559,113.058642,15,6084.0
344,1,-102.9320496,48.0136559,113.578173,15,6102.0
345,1,-102.9318083,48.0136559,114.085145,15,6120.0
346,1,-102.931567,48.0136559,114.57918,15,6138.0
347,1,-102.9313258,48.0136559,115.059899,15,6156.0
348,1,-102.9310845,48.0136559,115.059899,15,6174.0
349,1,-102.9308432,48.0136559,115.97992,15,6192.0
350,1,-102.930602,48.0136559,116.418499,15,6210.0
351,1,-102.9303607,48.0136559,116.418499,15,6228.0
352,1,-102.9301194,48.0136559,117.251047,15,6246.0
353,1,-102.9298781,48.0136559,117.251047,15,6264.0
354,1,-102.9296369,48.0136559,118.021879,15,6282.0
355,1,-102.9293956,48.0136559,118.38335,15,6300.0
356,1,-102.9291543,48.0136559,118.38335,15,6318.0
357,1,-102.9289131,48.0136559,119.056888,15,6336.0
358,1,-102.9286718,48.0136559,119.368384,15,6354.0
359,1,-102.9284305,48.0136559,119.368384,15,6372.0
360,1,-102.9281893,48.0136559,119.939492,15,6390.0
361,1,-102.927948,48.0136559,120.198609,15,6408.0
362,1,-102.9277067,48.0136559,120.439795,15,6426.0
363,1,-102.9274655,48.0136559,120.662837,15,6444.0
364,1,-102.9272242,48.0136559,120.662837,15,6462.0
365,1,-102.9269829,48.0136559,121.053713,15,6480.0
366,1,-102.9267417,48.0136559,121.221199,15,6498.0
367,1,-102.9265004,48.0136559,121.369844,15,6516.0
368,1,-102.9262591,48.0136559,121.369844,15,6534.0
369,1,-102.9260178,48.0136559,121.610093,15,6552.0
370,1,-102.9257766,48.0136559,121.70148,15,6570.0
371,1,-102.9255353,48.0136559,121.773592,15,6588.0
372,1,-102.925294,48.0136559,121.773592,15,6606.0
373,1,-102.9250528,48.0136559,121.859744,15,6624.0
374,1,-102.9248115,48.0136559,121.873707,15,6642.0
375,1,-102.9245702,48.0136559,121.873707,15,6660.0
376,1,-102.924329,48.0136559,121.843342,15,6678.0
377,1,-102.9240877,48.0136559,121.799041,15,6696.0
378,1,-102.9238464,48.0136559,121.799041,15,6714.0
379,1,-102.9236052,48.0136559,121.652406,15,6732.0
380,1,-102.9233639,48.0136559,121.652406,15,6750.0
381,1,-102.9231226,48.0136559,121.428866,15,6768.0
382,1,-102.9228814,48.0136559,121.2885,15,6786.0
383,1,-102.9226401,48.0136559,121.129232,15,6804.0
384,1,-102.9223988,48.0136559,120.951206,15,6822.0
385,1,-102.9221576,48.0136559,120.951206,15,6840.0
386,1,-102.9219163,48.0136559,120.539534,15,6858.0
387,1,-102.921675,48.0136559,120.539534,15,6876.0
388,1,-102.9214337,48.0136559,120.054948,15,6894.0
389,1,-102.9211925,48.0136559,119.785836,15,6912.0
390,1,-102.9209512,48.0136559,119.499153,15,6930.0
391,1,-102.9207099,48.0136559,119.195148,15,6948.0
392,1,-102.9204687,48.0136559,119.195148,15,6966.0
393,1,-102.9202274,48.0136559,118.53623,15,6984.0
394,1,-102.9199861,48.0136559,118.181878,15,7002.0
395,1,-102.9197449,48.0136559,117.811325,15,7020.0
396,1,-102.9195036,48.0136559,117.424879,15,7038.0
397,1,-102.9192623,48.0136559,117.424879,15,7056.0
398,1,-102.9190211,48.0136559,116.605594,15,7074.0
399,1,-102.9187798,48.0136559,116.173422,15,7092.0
400,1,-102.9185385,48.0136559,115.72669,15,7110.0
401,1,-102.9182973,48.0136559,115.265752,15,7128.0
402,1,-102.918056,48.0136559,114.790969,15,7146.0
403,1,-102.9178147,48.0136559,114.790969,15,7164.0
404,1,-102.9175734,48.0136559,113.801345,15,7182.0
405,1,-102.9173322,48.0136559,113.287257,15,7200.0
406,1,-102.9170909,48.0136559,112.760827,15,7218.0
407,1,-102.9168496,48.0136559,112.222444,15,7236.0
408,1,-102.9166084,48.0136559,111.672498,15,7254.0
409,1,-102.9163671,48.0136559,111.672498,15,7272.0
410,1,-102.9161258,48.0136559,110.539494,15,7290.0
411,1,-102.9158846,48.0136559,109.957228,15,7308.0
412,1,-102.9156433,48.0136559,109.364982,15,7326.0
413,1,-102.915402,48.0136559,108.763157,15,7344.0
414,1,-102.9151608,48.0136559,108.763157,15,7362.0
415,1,-102.9149195,48.0136559,107.532357,15,7380.0
416,1,-102.9146782,48.0136559,106.904176,15,7398.0
417,1,-102.914437,48.0136559,106.904176,15,7416.0
418,1,-102.9141957,48.0136559,105.624224,15,7434.0
419,1,-102.9139544,48.0136559,104.973236,15,7452.0
420,1,-102.9137132,48.0136559,104.973236,15,7470.0
421,1,-102.9134719,48.0136559,103.651166,15,7488.0
422,1,-102.9132306,48.0136559,103.651166,15,7506.0
423,1,-102.9129893,48.0136559,102.304841,15,7524.0
424,1,-102.9127481,48.0136559,101.623517,15,7542.0
425,1,-102.9125068,48.0136559,100.937241,15,7560.0
426,1,-102.9122655,48.0136559,100.246372,15,7578.0
427,1,-102.9120243,48.0136559,99.551267,15,7596.0
428,1,-102.911783,48.0136559,99.551267,15,7614.0
429,1,-102.9115417,48.0136559,98.149731,15,7632.0
430,1,-102.9113005,48.0136559,98.149731,15,7650.0
431,1,-102.9110592,48.0136559,96.735351,15,7668.0
432,1,-102.9108179,48.0136559,96.735351,15,7686.0
433,1,-102.9105767,48.0136559,95.310738,15,7704.0
434,1,-102.9103354,48.0136559,95.310738,15,7722.0
435,1,-102.9100941,48.0136559,93.878394,15,7740.0
436,1,-102.9098529,48.0136559,93.160074,15,7758.0
437,1,-102.9096116,48.0136559,92.440709,15,7776.0
438,1,-102.9093703,48.0136559,92.440709,15,7794.0
439,1,-102.9091291,48.0136559,90.999952,14,7812.0
440,1,-102.9088878,48.0136559,90.2791,14,7830.0
441,1,-102.9086465,48.0136559,89.558277,14,7848.0
442,1,-102.9084052,48.0136559,89.558277,14,7866.0
443,1,-102.908164,48.0136559,88.117714,14,7884.0
444,1,-102.9079227,48.0136559,87.398451,14,7902.0
445,1,-102.9076814,48.0136559,86.680173,14,7920.0
446,1,-102.9074402,48.0136559,86.680173,14,7938.0
447,1,-102.9071989,48.0136559,85.247443,14,7956.0
448,1,-102.9069576,48.0136559,84.533408,14,7974.0
449,1,-102.9067164,48.0136559,83.821193,14,7992.0
450,1,-102.9064751,48.0136559,83.110988,14,8010.0
451,1,-102.9062338,48.0136559,82.402976,14,8028.0
452,1,-102.9059926,48.0136559,81.697333,14,8046.0
453,1,-102.9057513,48.0136559,81.697333,14,8064.0
454,1,-102.90551,48.0136559,80.293823,14,8082.0
455,1,-102.9052688,48.0136559,79.596273,14,8100.0
456,1,-102.9050275,48.0136559,78.901727,14,8118.0
457,1,-102.9047862,48.0136559,78.210326,14,8136.0
458,1,-102.9045449,48.0136559,77.522206,13,8154.0
459,1,-102.9043037,48.0136559,76.837497,13,8172.0
460,1,-102.9040624,48.0136559,76.837497,13,8190.0
461,1,-102.9038211,48.0136559,75.478793,13,8208.0
462,1,-102.9035799,48.0136559,74.805027,13,8226.0
463,1,-102.9033386,48.0136559,74.805027,13,8244.0
464,1,-102.9030973,48.0136559,73.46919,13,8262.0
465,1,-102.9028561,48.0136559,72.807313,13,8280.0
466,1,-102.9026148,48.0136559,72.807313,13,8298.0
467,1,-102.9023735,48.0136559,71.496083,13,8316.0
468,1,-102.9021323,48.0136559,70.846891,13,8334.0
469,1,-102.901891,48.0136559,70.20208,13,8352.0
470,1,-102.9016497,48.0136559,69.561718,13,8370.0
471,1,-102.9014085,48.0136559,69.561718,13,8388.0
472,1,-102.9011672,48.0136559,68.294591,13,8406.0
473,1,-102.9009259,48.0136559,67.667939,13,8424.0
474,1,-102.9006847,48.0136559,67.667939,13,8442.0
475,1,-102.9004434,48.0136559,66.428709,13,8460.0
476,1,-102.9002021,48.0136559,65.81622,13,8478.0
477,1,-102.8999608,48.0136559,65.81622,13,8496.0
478,1,-102.8997196,48.0136559,64.605681,13,8514.0
479,1,-102.8994783,48.0136559,64.007697,13,8532.0
480,1,-102.899237,48.0136559,63.414608,13,8550.0
481,1,-102.8989958,48.0136559,62.826437,13,8568.0
482,1,-102.8987545,48.0136559,62.243204,13,8586.0
483,1,-102.8985132,48.0136559,61.664928,13,8604.0
484,1,-102.898272,48.0136559,61.091623,13,8622.0
485,1,-102.8980307,48.0136559,60.5233,13,8640.0
486,1,-102.8977894,48.0136559,59.959968,13,8658.0
487,1,-102.8975482,48.0136559,59.959968,13,8676.0
488,1,-102.8973069,48.0136559,58.848299,13,8694.0
489,1,-102.8970656,48.0136559,58.299967,13,8712.0
490,1,-102.8968244,48.0136559,57.756635,13,8730.0
491,1,-102.8965831,48.0136559,57.756635,13,8748.0
492,1,-102.8963418,48.0136559,56.684957,13,8766.0
493,1,-102.8961005,48.0136559,56.156597,13,8784.0
494,1,-102.8958593,48.0136558,55.633211,13,8802.0
495,1,-102.895618,48.0136558,55.114787,13,8820.0
496,1,-102.8953767,48.0136558,55.114787,13,8838.0
497,1,-102.8951355,48.0136558,54.092771,13,8856.0
498,1,-102.8948942,48.0136558,54.092771,13,8874.0
499,1,-102.8946529,48.0136558,53.090422,13,8892.0
